ISO-10303-21;
HEADER;
FILE_DESCRIPTION (( 'STEP AP203' ),
    '1' );
FILE_NAME ('bikecrankAP203.step',
    '2026-04-22T18:25:27',
    ( '' ),
    ( '' ),
    'SwSTEP 2.0',
    'SolidWorks 2025',
    '' );
FILE_SCHEMA (( 'CONFIG_CONTROL_DESIGN' ));
ENDSEC;

DATA;
#1 = MECHANICAL_CONTEXT ( 'NONE', #294, 'mechanical' ) ;
#2 = CARTESIAN_POINT ( 'NONE',  ( -0.008490915810999311031, -24.90407142949910480, 2.222392418205331843 ) ) ;
#3 = B_SPLINE_CURVE_WITH_KNOTS ( 'NONE', 3,
 ( #568, #78, #261, #379, #1167, #59, #476, #268, #781, #958, #579, #1079, #671, #1176, #1070, #683, #863, #166, #973, #573, #456, #255, #71, #363, #1151, #662, #951, #182, #963, #279, #50, #876 ),
 .UNSPECIFIED., .F., .F.,
 ( 4, 2, 2, 2, 1, 1, 1, 2, 2, 2, 2, 1, 1, 1, 1, 1, 2, 2, 2, 4 ),
 ( 0.000000000000000000, 0.2499999999998621658, 0.3749999999997916111, 0.4374999999997563060, 0.4687499999997385980, 0.4843749999997299382, 0.4921874999997256084, 0.4960937499997232769, 0.4999999999997209454, 0.6249999999996989075, 0.6874999999996878053, 0.7187499999996821431, 0.7343749999996772582, 0.7421874999996729283, 0.7460937499996708189, 0.7480468749996697087, 0.7490234374996711519, 0.7499999999996725952, 0.8749999999998363531, 1.000000000000000000 ),
 .UNSPECIFIED. ) ;
#4 = CARTESIAN_POINT ( 'NONE',  ( 170.0000000000000000, 9.500000000000005329, 10.00000000000000000 ) ) ;
#5 = DIRECTION ( 'NONE',  ( 1.000000000000000000, 0.000000000000000000, -0.000000000000000000 ) ) ;
#6 = CARTESIAN_POINT ( 'NONE',  ( -0.2165526421810478330, 22.48859029284345112, 0.03858542079363521532 ) ) ;
#7 = EDGE_LOOP ( 'NONE', ( #1298, #700 ) ) ;
#8 = AXIS2_PLACEMENT_3D ( 'NONE', #1247, #569, #365 ) ;
#9 = DIRECTION ( 'NONE',  ( -0.000000000000000000, -0.000000000000000000, -1.000000000000000000 ) ) ;
#10 = VECTOR ( 'NONE', #604, 1000.000000000000000 ) ;
#11 = DIRECTION ( 'NONE',  ( 1.000000000000000000, 3.469446951953614189E-17, -0.000000000000000000 ) ) ;
#12 = CARTESIAN_POINT ( 'NONE',  ( -0.1306329166377839246, -23.50233014142609989, 9.603991761338990685 ) ) ;
#13 = EDGE_CURVE ( 'NONE', #989, #27, #284, .T. ) ;
#14 = ORIENTED_EDGE ( 'NONE', *, *, #1114, .T. ) ;
#15 = EDGE_LOOP ( 'NONE', ( #1259, #1025, #461, #55 ) ) ;
#16 = CARTESIAN_POINT ( 'NONE',  ( 67.96441950785124675, 10.97498863717638606, 9.774590609645432693 ) ) ;
#17 = CARTESIAN_POINT ( 'NONE',  ( 1.082319877047163898E-18, 25.00000000000000355, 7.198496337476604445 ) ) ;
#18 = CARTESIAN_POINT ( 'NONE',  ( 74.48983589628181790, -12.21202379591409226, 1.702510087674105943 ) ) ;
#19 = CARTESIAN_POINT ( 'NONE',  ( -0.01360685878704373172, 24.84621681971839990, 2.031619122688165024 ) ) ;
#20 = EDGE_CURVE ( 'NONE', #849, #246, #323, .T. ) ;
#21 = ORIENTED_EDGE ( 'NONE', *, *, #79, .T. ) ;
#22 = CARTESIAN_POINT ( 'NONE',  ( 66.86396317398977374, 11.89178014718532417, 9.363528326504660271 ) ) ;
#23 = CARTESIAN_POINT ( 'NONE',  ( -0.03503541123541410729, 24.60302210245027510, 8.504204682927795744 ) ) ;
#24 = DIRECTION ( 'NONE',  ( 1.000000000000000000, 0.000000000000000000, 0.000000000000000000 ) ) ;
#25 = ORIENTED_EDGE ( 'NONE', *, *, #827, .F. ) ;
#26 = DIRECTION ( 'NONE',  ( 1.000000000000000000, 0.000000000000000000, 0.000000000000000000 ) ) ;
#27 = VERTEX_POINT ( 'NONE', #521 ) ;
#28 = VECTOR ( 'NONE', #1044, 1000.000000000000000 ) ;
#29 = CARTESIAN_POINT ( 'NONE',  ( 67.97494142304174147, 10.96622083038480078, 9.777373691213167461 ) ) ;
#30 = FACE_OUTER_BOUND ( 'NONE', #943, .T. ) ;
#31 = ORIENTED_EDGE ( 'NONE', *, *, #1005, .T. ) ;
#32 = EDGE_CURVE ( 'NONE', #530, #916, #531, .T. ) ;
#33 = AXIS2_PLACEMENT_3D ( 'NONE', #968, #653, #69 ) ;
#34 = CARTESIAN_POINT ( 'NONE',  ( 72.48153446503056330, 11.06518270582072461, 0.3225420187014644280 ) ) ;
#35 = ORIENTED_EDGE ( 'NONE', *, *, #1159, .T. ) ;
#36 = TOROIDAL_SURFACE ( 'NONE', #432, 9.500000000000005329, 3.000000000000000000 ) ;
#37 = CARTESIAN_POINT ( 'NONE',  ( 67.94426026145279707, -10.99179476024998969, 9.769208282027356915 ) ) ;
#38 = ADVANCED_FACE ( 'NONE', ( #1023 ), #1009, .F. ) ;
#39 = LINE ( 'NONE', #436, #686 ) ;
#40 = CARTESIAN_POINT ( 'NONE',  ( 74.99999999999972999, 12.50000000000000000, 7.000000000000000000 ) ) ;
#41 = CARTESIAN_POINT ( 'NONE',  ( 74.43385756432215317, 12.17745798129854862, 1.434817294179256963 ) ) ;
#42 = EDGE_LOOP ( 'NONE', ( #333, #440, #272 ) ) ;
#43 = CARTESIAN_POINT ( 'NONE',  ( 67.99626043599270986, 10.94846464748016324, 9.782958766720778243 ) ) ;
#44 = CARTESIAN_POINT ( 'NONE',  ( 71.75309984157010490, -10.65076553041611440, 0.2294871272867575196 ) ) ;
#45 = LINE ( 'NONE', #344, #516 ) ;
#46 = CARTESIAN_POINT ( 'NONE',  ( 75.00559367434435387, 12.50318682172784790, 2.213506692662622122 ) ) ;
#47 = EDGE_LOOP ( 'NONE', ( #719, #480, #325, #1084 ) ) ;
#48 = EDGE_CURVE ( 'NONE', #584, #224, #318, .T. ) ;
#49 = PLANE ( 'NONE',  #291 ) ;
#50 = CARTESIAN_POINT ( 'NONE',  ( 70.19065692761284936, 9.760026584407244243, 9.999999999999998224 ) ) ;
#51 = DIRECTION ( 'NONE',  ( 1.000000000000000000, 0.000000000000000000, 0.000000000000000000 ) ) ;
#52 = DIRECTION ( 'NONE',  ( 0.000000000000000000, 0.000000000000000000, 1.000000000000000000 ) ) ;
#53 = EDGE_CURVE ( 'NONE', #556, #1278, #426, .T. ) ;
#54 =( GEOMETRIC_REPRESENTATION_CONTEXT ( 3 ) GLOBAL_UNCERTAINTY_ASSIGNED_CONTEXT ( ( #881 ) ) GLOBAL_UNIT_ASSIGNED_CONTEXT ( ( #576, #382, #1047 ) ) REPRESENTATION_CONTEXT ( 'NONE', 'WORKASPACE' ) );
#55 = ORIENTED_EDGE ( 'NONE', *, *, #327, .F. ) ;
#56 = MANIFOLD_SOLID_BREP ( 'Chamfer1', #112 ) ;
#57 = LINE ( 'NONE', #468, #956 ) ;
#58 = ADVANCED_FACE ( 'NONE', ( #244 ), #352, .F. ) ;
#59 = CARTESIAN_POINT ( 'NONE',  ( 74.03868482565503939, 11.95364850830469372, 8.729114284487444309 ) ) ;
#60 = AXIS2_PLACEMENT_3D ( 'NONE', #1177, #269, #664 ) ;
#61 = DIRECTION ( 'NONE',  ( 0.9844275755084819224, -0.1757906384836574742, 0.000000000000000000 ) ) ;
#62 = CARTESIAN_POINT ( 'NONE',  ( 68.14382670686340759, 10.82540684201081227, 0.1774915049505036146 ) ) ;
#63 = VERTEX_POINT ( 'NONE', #554 ) ;
#64 = CARTESIAN_POINT ( 'NONE',  ( 71.11473855276928191, -10.28649330733738232, -0.003186821727837498876 ) ) ;
#65 = DIRECTION ( 'NONE',  ( 0.9844275755084819224, 0.1757906384836574742, -0.000000000000000000 ) ) ;
#66 = LINE ( 'NONE', #1055, #766 ) ;
#67 = CARTESIAN_POINT ( 'NONE',  ( 65.92816381128076841, 12.67211950981586632, 1.270885715548038197 ) ) ;
#68 = EDGE_LOOP ( 'NONE', ( #514, #545, #594, #961 ) ) ;
#69 = DIRECTION ( 'NONE',  ( -0.1757906384836575020, -0.9844275755084819224, 0.000000000000000000 ) ) ;
#70 = ADVANCED_FACE ( 'NONE', ( #941 ), #749, .T. ) ;
#71 = CARTESIAN_POINT ( 'NONE',  ( 71.78602815222274103, 10.66954494791950125, 9.762651811399884139 ) ) ;
#72 = CARTESIAN_POINT ( 'NONE',  ( 74.43385756432223843, -12.17745798129854684, 8.565182705820749476 ) ) ;
#73 = AXIS2_PLACEMENT_3D ( 'NONE', #444, #846, #1133 ) ;
#74 = CARTESIAN_POINT ( 'NONE',  ( 68.38734312123351344, 10.62398989890063561, 0.1221326008830471849 ) ) ;
#75 = VERTEX_POINT ( 'NONE', #959 ) ;
#76 = TOROIDAL_SURFACE ( 'NONE', #1143, 9.500000000000005329, 3.000000000000000000 ) ;
#77 = CARTESIAN_POINT ( 'NONE',  ( 67.30488159479820354, -11.52375681782038086, 0.3225420187014513829 ) ) ;
#78 = CARTESIAN_POINT ( 'NONE',  ( 75.00262481648216806, 12.50000000000000533, 7.369059846727055607 ) ) ;
#79 = EDGE_CURVE ( 'NONE', #982, #849, #560, .T. ) ;
#80 = CARTESIAN_POINT ( 'NONE',  ( 70.00000000000000000, -12.50000000000000000, 7.000000000000000000 ) ) ;
#81 = CARTESIAN_POINT ( 'NONE',  ( 70.58656350776858801, -9.987295770123388650, 9.966659053637307863 ) ) ;
#82 = EDGE_LOOP ( 'NONE', ( #1038, #170, #178, #922 ) ) ;
#83 = DATE_AND_TIME ( #690, #663 ) ;
#84 = CARTESIAN_POINT ( 'NONE',  ( -0.1306435170610253660, -23.50220662338943356, 0.3959362384148238934 ) ) ;
#85 = CARTESIAN_POINT ( 'NONE',  ( 73.43032440641580649, -11.60573071112960974, 9.136803320278774621 ) ) ;
#86 = ORIENTED_EDGE ( 'NONE', *, *, #893, .F. ) ;
#87 = DATE_AND_TIME ( #502, #1058 ) ;
#88 = CARTESIAN_POINT ( 'NONE',  ( 71.74086539490527059, 10.64378912493060447, 0.2266000075524357282 ) ) ;
#89 = CARTESIAN_POINT ( 'NONE',  ( 65.07786212245777335, -13.37895319241825476, 3.000000000000000000 ) ) ;
#90 = ORIENTED_EDGE ( 'NONE', *, *, #189, .T. ) ;
#91 = EDGE_CURVE ( 'NONE', #143, #319, #953, .T. ) ;
#92 = APPROVAL_ROLE ( '' ) ;
#93 = CC_DESIGN_APPROVAL ( #860, ( #328 ) ) ;
#94 = CARTESIAN_POINT ( 'NONE',  ( 71.73579884749322844, 10.64090076708364485, 0.2254093903589690639 ) ) ;
#95 = CIRCLE ( 'NONE', #833, 9.500000000000008882 ) ;
#96 = ORIENTED_EDGE ( 'NONE', *, *, #1114, .F. ) ;
#97 = AXIS2_PLACEMENT_3D ( 'NONE', #1051, #1024, #828 ) ;
#98 = PERSON ( 'UNSPECIFIED', 'UNSPECIFIED', 'UNSPECIFIED', ('UNSPECIFIED'), ('UNSPECIFIED'), ('UNSPECIFIED') ) ;
#99 = CARTESIAN_POINT ( 'NONE',  ( 0.000000000000000000, -25.00000000000000000, 3.000000000000000000 ) ) ;
#100 = CARTESIAN_POINT ( 'NONE',  ( 69.73424481600672209, 9.500000000000001776, 10.00000000000000178 ) ) ;
#101 = FACE_BOUND ( 'NONE', #298, .T. ) ;
#102 = CARTESIAN_POINT ( 'NONE',  ( -0.008490915810991444060, 24.90407142949910124, 2.222392418205331843 ) ) ;
#103 = VERTEX_POINT ( 'NONE', #542 ) ;
#104 = CARTESIAN_POINT ( 'NONE',  ( 73.43032440642343772, 11.60573071113290489, 0.8631966797244815526 ) ) ;
#105 = ADVANCED_FACE ( 'NONE', ( #1257 ), #742, .T. ) ;
#106 = DIRECTION ( 'NONE',  ( 1.000000000000000000, 0.000000000000000000, 0.000000000000000000 ) ) ;
#107 = CARTESIAN_POINT ( 'NONE',  ( -0.2247936256923742104, -22.39178876745804914, 9.999999999999998224 ) ) ;
#108 = CARTESIAN_POINT ( 'NONE',  ( 0.000000000000000000, 0.000000000000000000, 0.000000000000000000 ) ) ;
#109 = ORIENTED_EDGE ( 'NONE', *, *, #1040, .F. ) ;
#110 = CARTESIAN_POINT ( 'NONE',  ( 68.07937359204100858, 10.87934571956180463, 9.803917135648733350 ) ) ;
#111 = APPLICATION_CONTEXT ( 'configuration controlled 3d designs of mechanical parts and assemblies' ) ;
#112 = CLOSED_SHELL ( 'NONE', ( #778, #225, #205, #58, #988, #437, #617, #794, #674, #929, #346, #254, #752, #1260, #38, #1276, #967, #105, #748, #523, #70, #373, #720, #598, #613, #1083, #907, #1175, #503, #458, #620, #578, #324 ) ) ;
#113 = EDGE_CURVE ( 'NONE', #916, #950, #45, .T. ) ;
#114 = FACE_BOUND ( 'NONE', #1068, .T. ) ;
#115 = CARTESIAN_POINT ( 'NONE',  ( 70.00000000000000000, -12.50000000000000000, 10.00000000000000000 ) ) ;
#116 = EDGE_LOOP ( 'NONE', ( #1155, #96, #35 ) ) ;
#117 = ORIENTED_EDGE ( 'NONE', *, *, #1154, .F. ) ;
#118 = AXIS2_PLACEMENT_3D ( 'NONE', #889, #1288, #656 ) ;
#119 = CARTESIAN_POINT ( 'NONE',  ( 66.34331162358073186, -12.32484767373179579, 9.056206474627829905 ) ) ;
#120 = LINE ( 'NONE', #302, #689 ) ;
#121 = CARTESIAN_POINT ( 'NONE',  ( 71.76684037621313905, -10.65860168672745623, 0.2327518556643499159 ) ) ;
#122 = DIRECTION ( 'NONE',  ( 0.000000000000000000, -0.000000000000000000, -1.000000000000000000 ) ) ;
#123 = CARTESIAN_POINT ( 'NONE',  ( 170.0000000000000000, -9.500000000000005329, 10.00000000000000000 ) ) ;
#124 = ORIENTED_EDGE ( 'NONE', *, *, #1022, .T. ) ;
#125 = CARTESIAN_POINT ( 'NONE',  ( 65.07786212245777335, -13.37895319241825476, 7.000000000000000000 ) ) ;
#126 = DIRECTION ( 'NONE',  ( 0.000000000000000000, 0.000000000000000000, 1.000000000000000000 ) ) ;
#127 = CARTESIAN_POINT ( 'NONE',  ( 70.19065692762639230, -9.760026584414969619, -4.828087799349505770E-17 ) ) ;
#128 = DIRECTION ( 'NONE',  ( 0.000000000000000000, 0.000000000000000000, -1.000000000000000000 ) ) ;
#129 = CARTESIAN_POINT ( 'NONE',  ( 170.0000000000000000, 0.000000000000000000, 3.000000000000000000 ) ) ;
#130 = ORIENTED_EDGE ( 'NONE', *, *, #406, .T. ) ;
#131 = EDGE_CURVE ( 'NONE', #989, #1130, #132, .T. ) ;
#132 = CIRCLE ( 'NONE', #73, 12.50000000000001066 ) ;
#133 = CARTESIAN_POINT ( 'NONE',  ( 67.36802289995284809, -11.47234619936698152, 9.585156499047041478 ) ) ;
#134 = FACE_OUTER_BOUND ( 'NONE', #491, .T. ) ;
#135 = CARTESIAN_POINT ( 'NONE',  ( 71.25775888739619290, -10.36971394194177876, 0.1221326008134988872 ) ) ;
#136 = AXIS2_PLACEMENT_3D ( 'NONE', #115, #710, #303 ) ;
#137 = CARTESIAN_POINT ( 'NONE',  ( 179.5000000000000284, 0.000000000000000000, 3.000000000000000000 ) ) ;
#138 = DIRECTION ( 'NONE',  ( -1.000000000000000000, 0.000000000000000000, 0.000000000000000000 ) ) ;
#139 = ORIENTED_EDGE ( 'NONE', *, *, #53, .T. ) ;
#140 = CARTESIAN_POINT ( 'NONE',  ( -3.295974604355933479E-16, -9.500000000000000000, 0.000000000000000000 ) ) ;
#141 = CARTESIAN_POINT ( 'NONE',  ( 74.99999999999972999, 12.50000000000000000, 7.000000000000000000 ) ) ;
#142 = DIRECTION ( 'NONE',  ( 1.000000000000000000, 0.000000000000000000, 0.000000000000000000 ) ) ;
#143 = VERTEX_POINT ( 'NONE', #1140 ) ;
#144 = CARTESIAN_POINT ( 'NONE',  ( -3.295974604355933479E-16, -9.500000000000000000, 7.000000000000000000 ) ) ;
#145 = EDGE_CURVE ( 'NONE', #1249, #916, #469, .T. ) ;
#146 = CARTESIAN_POINT ( 'NONE',  ( 170.0000000000000000, 0.000000000000000000, 3.000000000000000000 ) ) ;
#147 = DIRECTION ( 'NONE',  ( 0.1757906384836576408, -0.9844275755084819224, 0.000000000000000000 ) ) ;
#148 = ORIENTED_EDGE ( 'NONE', *, *, #48, .F. ) ;
#149 = EDGE_CURVE ( 'NONE', #486, #758, #1264, .T. ) ;
#150 = DIRECTION ( 'NONE',  ( -0.000000000000000000, -0.000000000000000000, -1.000000000000000000 ) ) ;
#151 = CARTESIAN_POINT ( 'NONE',  ( -0.1023984274656071225, 23.83023909155190267, 9.385012008825933449 ) ) ;
#152 = DIRECTION ( 'NONE',  ( -0.000000000000000000, -0.000000000000000000, -1.000000000000000000 ) ) ;
#153 = CC_DESIGN_PERSON_AND_ORGANIZATION_ASSIGNMENT ( #786, #278, ( #283 ) ) ;
#154 = DIRECTION ( 'NONE',  ( -0.9844275755084819224, -0.1757906384836574742, 0.000000000000000000 ) ) ;
#155 = CARTESIAN_POINT ( 'NONE',  ( 71.73579884749401003, -10.64090076708403210, 9.774590609640874561 ) ) ;
#156 = ORGANIZATION ( 'UNSPECIFIED', 'UNSPECIFIED', '' ) ;
#157 = ORIENTED_EDGE ( 'NONE', *, *, #1066, .F. ) ;
#158 = VECTOR ( 'NONE', #1152, 1000.000000000000000 ) ;
#159 = VECTOR ( 'NONE', #969, 1000.000000000000000 ) ;
#160 = CYLINDRICAL_SURFACE ( 'NONE', #1230, 6.250000000000005329 ) ;
#161 = CARTESIAN_POINT ( 'NONE',  ( 0.000000000000000000, 0.000000000000000000, 0.000000000000000000 ) ) ;
#162 = CARTESIAN_POINT ( 'NONE',  ( 0.000000000000000000, 0.000000000000000000, 3.000000000000000000 ) ) ;
#163 = CARTESIAN_POINT ( 'NONE',  ( 67.81928807031343354, 11.09601136960000467, 0.2655512009715951249 ) ) ;
#164 = ORIENTED_EDGE ( 'NONE', *, *, #1099, .F. ) ;
#165 = CARTESIAN_POINT ( 'NONE',  ( 65.07786212245791546, -13.37895319241825476, 3.000000000000000444 ) ) ;
#166 = CARTESIAN_POINT ( 'NONE',  ( 72.41033891721924931, 11.02567232543723996, 9.585156499193562496 ) ) ;
#167 = EDGE_CURVE ( 'NONE', #530, #1278, #1094, .T. ) ;
#168 = CARTESIAN_POINT ( 'NONE',  ( 74.99999999999985789, -12.49999999999999645, 7.000000000000000000 ) ) ;
#169 = CARTESIAN_POINT ( 'NONE',  ( 67.88623041621175958, 11.04018275082418477, 0.2466309017293867034 ) ) ;
#170 = ORIENTED_EDGE ( 'NONE', *, *, #998, .T. ) ;
#171 = EDGE_CURVE ( 'NONE', #867, #822, #537, .T. ) ;
#172 = B_SPLINE_CURVE_WITH_KNOTS ( 'NONE', 3,
 ( #553, #1127, #229, #649 ),
 .UNSPECIFIED., .F., .F.,
 ( 4, 4 ),
 ( 0.000000000000000000, 1.000000000000000000 ),
 .UNSPECIFIED. ) ;
#173 = CARTESIAN_POINT ( 'NONE',  ( 67.64242474414201922, -11.24344457493085159, 0.3113844532385895980 ) ) ;
#174 = CARTESIAN_POINT ( 'NONE',  ( 0.000000000000000000, 0.000000000000000000, 3.000000000000000000 ) ) ;
#175 = CARTESIAN_POINT ( 'NONE',  ( 71.11473855276913980, -10.28649330733738587, 10.00318682172784968 ) ) ;
#176 = B_SPLINE_CURVE_WITH_KNOTS ( 'NONE', 3,
 ( #99, #979, #288, #2, #1302, #1287, #1086, #405, #888, #315, #602, #84, #1090, #193, #482, #391, #595, #991, #496, #903 ),
 .UNSPECIFIED., .F., .F.,
 ( 4, 2, 2, 2, 2, 2, 2, 2, 2, 4 ),
 ( 0.000000000000000000, 0.0005870505372804841939, 0.001174101074560968388, 0.001761151611841452582, 0.002348202149121936776, 0.002935252686402421186, 0.003522303223682905163, 0.004109353760963389141, 0.004402879029603631346, 0.004696404298243873551 ),
 .UNSPECIFIED. ) ;
#177 = CARTESIAN_POINT ( 'NONE',  ( 71.74086539490571113, -10.64378912493082474, 9.773399992447473039 ) ) ;
#178 = ORIENTED_EDGE ( 'NONE', *, *, #817, .F. ) ;
#179 = PRODUCT_DEFINITION_SHAPE ( 'NONE', 'NONE',  #1180 ) ;
#180 = AXIS2_PLACEMENT_3D ( 'NONE', #704, #512, #920 ) ;
#181 = DATE_AND_TIME ( #509, #791 ) ;
#182 = CARTESIAN_POINT ( 'NONE',  ( 71.53289037394871741, 10.52518642902589896, 9.822508495113636329 ) ) ;
#183 = VECTOR ( 'NONE', #11, 1000.000000000000000 ) ;
#184 = CARTESIAN_POINT ( 'NONE',  ( 67.30488159479804722, -11.52375681782041106, 9.677457981298545064 ) ) ;
#185 = CARTESIAN_POINT ( 'NONE',  ( 66.02079889097375087, 12.59450199204899157, 1.188489364950040317 ) ) ;
#186 = ORIENTED_EDGE ( 'NONE', *, *, #547, .T. ) ;
#187 = PERSON_AND_ORGANIZATION_ROLE ( 'creator' ) ;
#188 = CARTESIAN_POINT ( 'NONE',  ( 73.97442230002027941, 11.91570202963982084, 1.173061342520528072 ) ) ;
#189 = EDGE_CURVE ( 'NONE', #758, #143, #841, .T. ) ;
#190 = FACE_OUTER_BOUND ( 'NONE', #389, .T. ) ;
#191 = ORIENTED_EDGE ( 'NONE', *, *, #714, .T. ) ;
#192 = DIRECTION ( 'NONE',  ( 1.000000000000000000, 0.000000000000000000, 0.000000000000000000 ) ) ;
#193 = CARTESIAN_POINT ( 'NONE',  ( -0.1762397751995943007, -22.96746576559898045, 0.1538214102246283355 ) ) ;
#194 = DIRECTION ( 'NONE',  ( -0.000000000000000000, -0.000000000000000000, 1.000000000000000000 ) ) ;
#195 = CIRCLE ( 'NONE', #371, 12.50000000000000000 ) ;
#196 = ORIENTED_EDGE ( 'NONE', *, *, #369, .F. ) ;
#197 = CARTESIAN_POINT ( 'NONE',  ( 67.95993960512299736, -10.97872266790369444, 0.2266000075512656364 ) ) ;
#198 = DIRECTION ( 'NONE',  ( 0.000000000000000000, 0.000000000000000000, 1.000000000000000000 ) ) ;
#199 = CARTESIAN_POINT ( 'NONE',  ( 170.0000000000000000, 0.000000000000000000, 7.000000000000000000 ) ) ;
#200 = LINE ( 'NONE', #1115, #805 ) ;
#201 = VECTOR ( 'NONE', #831, 1000.000000000000000 ) ;
#202 = CARTESIAN_POINT ( 'NONE',  ( -3.295974604355933479E-16, 9.500000000000000000, 10.00000000000000000 ) ) ;
#203 = CARTESIAN_POINT ( 'NONE',  ( -0.02691251984946593095, 24.69531265878737969, 1.668105374076993108 ) ) ;
#204 = CARTESIAN_POINT ( 'NONE',  ( 68.07937359194062310, -10.87934571964066421, 0.1960828643741606425 ) ) ;
#205 = ADVANCED_FACE ( 'NONE', ( #1036 ), #948, .F. ) ;
#206 = CARTESIAN_POINT ( 'NONE',  ( 170.0000000000000000, 0.000000000000000000, 0.000000000000000000 ) ) ;
#207 = FACE_OUTER_BOUND ( 'NONE', #68, .T. ) ;
#208 = CARTESIAN_POINT ( 'NONE',  ( -0.1915616488352165081, -22.78738619572787982, 9.920763250065570915 ) ) ;
#209 = ORIENTED_EDGE ( 'NONE', *, *, #32, .F. ) ;
#210 = EDGE_LOOP ( 'NONE', ( #1229, #148, #86, #1111 ) ) ;
#211 = EDGE_CURVE ( 'NONE', #387, #1249, #66, .T. ) ;
#212 = CARTESIAN_POINT ( 'NONE',  ( 69.73424481600652314, 9.500000000000001776, 10.00000000000000000 ) ) ;
#213 = CARTESIAN_POINT ( 'NONE',  ( 65.07786212245801494, 13.37895319241823344, 7.000000000000000000 ) ) ;
#214 = LINE ( 'NONE', #290, #746 ) ;
#215 = ORIENTED_EDGE ( 'NONE', *, *, #1217, .F. ) ;
#216 = ORIENTED_EDGE ( 'NONE', *, *, #79, .F. ) ;
#217 = CARTESIAN_POINT ( 'NONE',  ( 66.46588989213427112, 12.22267556970163582, 9.136803320289388353 ) ) ;
#218 = VECTOR ( 'NONE', #1014, 1000.000000000000000 ) ;
#219 = CARTESIAN_POINT ( 'NONE',  ( -0.06523646003287279782, 24.25814596668411127, 8.984602380841616664 ) ) ;
#220 = VECTOR ( 'NONE', #1263, 1000.000000000000000 ) ;
#221 = CARTESIAN_POINT ( 'NONE',  ( 71.89994490001092231, -10.73452613402819189, 0.2655512009550222152 ) ) ;
#222 = ORIENTED_EDGE ( 'NONE', *, *, #422, .F. ) ;
#223 = CARTESIAN_POINT ( 'NONE',  ( 0.000000000000000000, 0.000000000000000000, 10.00000000000000000 ) ) ;
#224 = VERTEX_POINT ( 'NONE', #465 ) ;
#225 = ADVANCED_FACE ( 'NONE', ( #1234 ), #1201, .T. ) ;
#226 = TOROIDAL_SURFACE ( 'NONE', #566, 9.500000000000005329, 3.000000000000000000 ) ;
#227 = CARTESIAN_POINT ( 'NONE',  ( 65.18837814701799971, 13.28911408164689156, 7.750682588162644215 ) ) ;
#228 = CARTESIAN_POINT ( 'NONE',  ( 0.000000000000000000, 25.00000000000000000, 7.000000000000000000 ) ) ;
#229 = CARTESIAN_POINT ( 'NONE',  ( 68.38524141497180153, 13.08596879494549725, 3.000000000000000888 ) ) ;
#230 = EDGE_CURVE ( 'NONE', #500, #680, #1050, .T. ) ;
#231 = ORIENTED_EDGE ( 'NONE', *, *, #563, .F. ) ;
#232 = DIRECTION ( 'NONE',  ( 1.000000000000000000, 0.000000000000000000, 0.000000000000000000 ) ) ;
#233 = ORIENTED_EDGE ( 'NONE', *, *, #145, .F. ) ;
#234 = CARTESIAN_POINT ( 'NONE',  ( 67.81928807028191386, -11.09601136962595014, 9.734448799019469689 ) ) ;
#235 = CARTESIAN_POINT ( 'NONE',  ( 170.0000000000000000, 12.50000000000000355, 7.000000000000000000 ) ) ;
#236 = DIRECTION ( 'NONE',  ( -1.000000000000000000, 3.469446951953614189E-17, 0.000000000000000000 ) ) ;
#237 = CARTESIAN_POINT ( 'NONE',  ( 70.00000000000000000, 12.50000000000000000, 3.000000000000000000 ) ) ;
#238 = CARTESIAN_POINT ( 'NONE',  ( 3.798956885537903005, -21.27415855901225683, 7.000000000000000000 ) ) ;
#239 = ORIENTED_EDGE ( 'NONE', *, *, #913, .T. ) ;
#240 = CIRCLE ( 'NONE', #1138, 12.50000000000001066 ) ;
#241 = CARTESIAN_POINT ( 'NONE',  ( 68.98079118529894060, -10.12959449184274341, 9.966651774357032423 ) ) ;
#242 = DIRECTION ( 'NONE',  ( -1.000000000000000000, -3.469446951953614189E-17, 0.000000000000000000 ) ) ;
#243 = AXIS2_PLACEMENT_3D ( 'NONE', #144, #236, #1246 ) ;
#244 = FACE_OUTER_BOUND ( 'NONE', #905, .T. ) ;
#245 = CARTESIAN_POINT ( 'NONE',  ( 69.73424481600652314, 9.499999999999996447, 6.938893903907228378E-15 ) ) ;
#246 = VERTEX_POINT ( 'NONE', #853 ) ;
#247 = EDGE_CURVE ( 'NONE', #246, #829, #195, .T. ) ;
#248 = DIRECTION ( 'NONE',  ( 0.000000000000000000, 0.000000000000000000, 1.000000000000000000 ) ) ;
#249 = CARTESIAN_POINT ( 'NONE',  ( 69.73424481600653735, 9.500000000000000000, 0.000000000000000000 ) ) ;
#250 = EDGE_CURVE ( 'NONE', #966, #971, #647, .T. ) ;
#251 = CARTESIAN_POINT ( 'NONE',  ( 0.000000000000000000, 0.000000000000000000, 7.000000000000000000 ) ) ;
#252 = ORIENTED_EDGE ( 'NONE', *, *, #211, .F. ) ;
#253 = DIRECTION ( 'NONE',  ( -0.9844275755084819224, 0.1757906384836574742, -0.000000000000000000 ) ) ;
#254 = ADVANCED_FACE ( 'NONE', ( #824, #114, #330 ), #1218, .T. ) ;
#255 = CARTESIAN_POINT ( 'NONE',  ( 71.82423086020384062, 10.69133473993607097, 9.753369098283879879 ) ) ;
#256 = LINE ( 'NONE', #80, #220 ) ;
#257 = CARTESIAN_POINT ( 'NONE',  ( -3.295974604355933479E-16, 9.500000000000000000, 3.000000000000000000 ) ) ;
#258 = CARTESIAN_POINT ( 'NONE',  ( 72.84619330281601890, -11.27378425426793207, 9.421432471968971711 ) ) ;
#259 = ORIENTED_EDGE ( 'NONE', *, *, #878, .T. ) ;
#260 = CARTESIAN_POINT ( 'NONE',  ( -0.2573272383882745373, 21.99849500971335914, 10.00000000000000000 ) ) ;
#261 = CARTESIAN_POINT ( 'NONE',  ( 74.87541189261298769, 12.43099499501123439, 7.750653653815207100 ) ) ;
#262 = DIRECTION ( 'NONE',  ( 0.000000000000000000, 1.000000000000000000, 0.000000000000000000 ) ) ;
#263 = CARTESIAN_POINT ( 'NONE',  ( 71.74423572005321148, -10.64571068946847099, 9.772606733104311161 ) ) ;
#264 = APPROVAL_PERSON_ORGANIZATION ( #780, #355, #804 ) ;
#265 = ORIENTED_EDGE ( 'NONE', *, *, #520, .T. ) ;
#266 = VECTOR ( 'NONE', #65, 1000.000000000000114 ) ;
#267 = CARTESIAN_POINT ( 'NONE',  ( 65.57848848039917300, -12.96191139470790787, 1.434817294179242309 ) ) ;
#268 = CARTESIAN_POINT ( 'NONE',  ( 73.76442013770969197, 11.79650068493732640, 8.930988518792704056 ) ) ;
#269 = DIRECTION ( 'NONE',  ( -0.000000000000000000, -0.000000000000000000, -1.000000000000000000 ) ) ;
#270 = CARTESIAN_POINT ( 'NONE',  ( 66.24809468493153020, 12.40434160009575137, 1.010301890306978922 ) ) ;
#271 = EDGE_CURVE ( 'NONE', #936, #966, #200, .T. ) ;
#272 = ORIENTED_EDGE ( 'NONE', *, *, #1301, .F. ) ;
#273 = CARTESIAN_POINT ( 'NONE',  ( 170.0000000000000000, 0.000000000000000000, 0.000000000000000000 ) ) ;
#274 = CARTESIAN_POINT ( 'NONE',  ( 0.000000000000000000, 0.000000000000000000, 10.00000000000000000 ) ) ;
#275 = FACE_OUTER_BOUND ( 'NONE', #116, .T. ) ;
#276 = CARTESIAN_POINT ( 'NONE',  ( 74.87541210324410201, -12.43098758451611907, 7.750682588168533727 ) ) ;
#277 = ORIENTED_EDGE ( 'NONE', *, *, #1193, .F. ) ;
#278 = PERSON_AND_ORGANIZATION_ROLE ( 'design_owner' ) ;
#279 = CARTESIAN_POINT ( 'NONE',  ( 70.58664216420790183, 9.987340084099820103, 9.966651774397853103 ) ) ;
#280 = CARTESIAN_POINT ( 'NONE',  ( 68.51350687438058173, -10.51692357510398601, 10.00318682172785500 ) ) ;
#281 = CARTESIAN_POINT ( 'NONE',  ( 73.36062910442650775, -11.56606442705899163, 9.175371758287964141 ) ) ;
#282 = ORIENTED_EDGE ( 'NONE', *, *, #478, .F. ) ;
#283 = PRODUCT ( 'bikecrankAP203', 'bikecrankAP203', '', ( #1 ) ) ;
#284 = CIRCLE ( 'NONE', #852, 3.000000000000000000 ) ;
#285 = APPROVAL_STATUS ( 'not_yet_approved' ) ;
#286 = EDGE_CURVE ( 'NONE', #911, #822, #240, .T. ) ;
#287 = B_SPLINE_CURVE_WITH_KNOTS ( 'NONE', 3,
 ( #301, #702, #996, #806, #308, #1033, #435, #417, #532, #119, #1237, #634, #342, #1245, #546, #539, #726, #133, #441, #819, #234, #938, #612, #930, #37, #740, #1041, #524, #1137, #241, #337, #1018 ),
 .UNSPECIFIED., .F., .F.,
 ( 4, 2, 2, 2, 1, 1, 1, 2, 2, 2, 2, 1, 1, 1, 1, 1, 2, 2, 2, 4 ),
 ( 0.000000000000000000, 0.2499999999998572253, 0.3749999999997872813, 0.4374999999997542521, 0.4687499999997399303, 0.4843749999997330469, 0.4921874999997313260, 0.4960937499997303268, 0.4999999999997293276, 0.6249999999996926903, 0.6874999999996741495, 0.7187499999996649347, 0.7343749999996618261, 0.7421874999996600497, 0.7460937499996609379, 0.7480468749996616040, 0.7490234374996634914, 0.7499999999996653788, 0.8749999999998326894, 1.000000000000000000 ),
 .UNSPECIFIED. ) ;
#288 = CARTESIAN_POINT ( 'NONE',  ( -0.001729058337695165348, -24.98049229546475303, 2.606327322510183730 ) ) ;
#289 = AXIS2_PLACEMENT_3D ( 'NONE', #1096, #603, #997 ) ;
#290 = CARTESIAN_POINT ( 'NONE',  ( 70.00000000000000000, -12.50000000000000000, 3.000000000000000000 ) ) ;
#291 = AXIS2_PLACEMENT_3D ( 'NONE', #540, #448, #1027 ) ;
#292 = EDGE_CURVE ( 'NONE', #486, #361, #577, .T. ) ;
#293 = EDGE_LOOP ( 'NONE', ( #216, #955, #239, #452 ) ) ;
#294 = APPLICATION_CONTEXT ( 'configuration controlled 3d designs of mechanical parts and assemblies' ) ;
#295 = CARTESIAN_POINT ( 'NONE',  ( 73.16878455608004117, 11.45704099017104305, 0.7257637847130238296 ) ) ;
#296 = FACE_OUTER_BOUND ( 'NONE', #1089, .T. ) ;
#297 = ORIENTED_EDGE ( 'NONE', *, *, #641, .T. ) ;
#298 = EDGE_LOOP ( 'NONE', ( #739, #21 ) ) ;
#299 = CARTESIAN_POINT ( 'NONE',  ( 68.40071822888904762, -10.61254448631729197, 0.1249722440683190411 ) ) ;
#300 = COORDINATED_UNIVERSAL_TIME_OFFSET ( 0, 0, .AHEAD. ) ;
#301 = CARTESIAN_POINT ( 'NONE',  ( 65.07786212245777335, -13.37895319241825476, 7.000000000000000000 ) ) ;
#302 = CARTESIAN_POINT ( 'NONE',  ( 0.000000000000000000, 25.00000000000000000, 10.00000000000000000 ) ) ;
#303 = DIRECTION ( 'NONE',  ( -1.000000000000000000, 3.469446951953614189E-17, 0.000000000000000000 ) ) ;
#304 = AXIS2_PLACEMENT_3D ( 'NONE', #645, #650, #865 ) ;
#305 = ORIENTED_EDGE ( 'NONE', *, *, #848, .F. ) ;
#306 = PERSON_AND_ORGANIZATION ( #98, #156 ) ;
#307 = AXIS2_PLACEMENT_3D ( 'NONE', #1162, #992, #1199 ) ;
#308 = CARTESIAN_POINT ( 'NONE',  ( 65.67175203798866789, -12.88684927836530747, 8.475371278986495227 ) ) ;
#309 = CARTESIAN_POINT ( 'NONE',  ( 65.64314829018108810, -12.91131774637911001, 1.520205282670959113 ) ) ;
#310 = CARTESIAN_POINT ( 'NONE',  ( 0.000000000000000000, 0.000000000000000000, 3.000000000000000000 ) ) ;
#311 = CARTESIAN_POINT ( 'NONE',  ( -0.001728904628284995935, -24.98049402867259516, 7.393655166725631389 ) ) ;
#312 = CARTESIAN_POINT ( 'NONE',  ( -0.2492611597449599092, 22.09600457342398627, 5.015442563508425560E-34 ) ) ;
#313 = EDGE_CURVE ( 'NONE', #1266, #1163, #1253, .T. ) ;
#314 = EDGE_LOOP ( 'NONE', ( #1107, #233, #164, #196, #399 ) ) ;
#315 = CARTESIAN_POINT ( 'NONE',  ( -0.08932288894762625830, -23.98119727972697746, 0.7389237520415599114 ) ) ;
#316 = DIRECTION ( 'NONE',  ( 1.000000000000000000, 0.000000000000000000, 0.000000000000000000 ) ) ;
#317 = CARTESIAN_POINT ( 'NONE',  ( 163.7500000000000000, 7.654042494670959579E-16, 0.000000000000000000 ) ) ;
#318 = LINE ( 'NONE', #1118, #1015 ) ;
#319 = VERTEX_POINT ( 'NONE', #1206 ) ;
#320 = CARTESIAN_POINT ( 'NONE',  ( 67.95993960512858223, 10.97872266789935303, 9.773399992450091389 ) ) ;
#321 = CARTESIAN_POINT ( 'NONE',  ( 170.0000000000000000, 9.500000000000005329, 7.000000000000000000 ) ) ;
#322 = CARTESIAN_POINT ( 'NONE',  ( 73.93384786573993495, -11.89352406330084477, 1.188489364947360016 ) ) ;
#323 = LINE ( 'NONE', #616, #218 ) ;
#324 = ADVANCED_FACE ( 'NONE', ( #621 ), #1283, .T. ) ;
#325 = ORIENTED_EDGE ( 'NONE', *, *, #327, .T. ) ;
#326 = CARTESIAN_POINT ( 'NONE',  ( 170.0000000000000000, -12.50000000000000355, 7.000000000000000000 ) ) ;
#327 = EDGE_CURVE ( 'NONE', #971, #530, #120, .T. ) ;
#328 = SECURITY_CLASSIFICATION ( '', '', #901 ) ;
#329 = AXIS2_PLACEMENT_3D ( 'NONE', #459, #549, #665 ) ;
#330 = FACE_BOUND ( 'NONE', #712, .T. ) ;
#331 = AXIS2_PLACEMENT_3D ( 'NONE', #864, #364, #581 ) ;
#332 = FACE_OUTER_BOUND ( 'NONE', #879, .T. ) ;
#333 = ORIENTED_EDGE ( 'NONE', *, *, #520, .F. ) ;
#334 = AXIS2_PLACEMENT_3D ( 'NONE', #273, #850, #1252 ) ;
#335 = CARTESIAN_POINT ( 'NONE',  ( 65.07786212245777335, -13.37895319241825476, 3.000000000000000000 ) ) ;
#336 = ORIENTED_EDGE ( 'NONE', *, *, #131, .T. ) ;
#337 = CARTESIAN_POINT ( 'NONE',  ( 69.33065038658099866, -9.836210316783317253, 10.00000000000000000 ) ) ;
#338 = CARTESIAN_POINT ( 'NONE',  ( 69.73424481600652314, 9.500000000000001776, 10.00000000000000000 ) ) ;
#339 = DIRECTION ( 'NONE',  ( -1.000000000000000000, -3.469446951953614189E-17, -0.000000000000000000 ) ) ;
#340 = DIRECTION ( 'NONE',  ( -0.000000000000000000, -0.000000000000000000, -1.000000000000000000 ) ) ;
#341 = ORIENTED_EDGE ( 'NONE', *, *, #641, .F. ) ;
#342 = CARTESIAN_POINT ( 'NONE',  ( 66.42743427040885251, -12.25470700908836719, 9.112107558107988226 ) ) ;
#343 = CARTESIAN_POINT ( 'NONE',  ( 73.76442013770963513, -11.79650068495168114, 1.069011481224263482 ) ) ;
#344 = CARTESIAN_POINT ( 'NONE',  ( 69.47262808454904359, 9.546717273474554233, 0.000000000000000000 ) ) ;
#345 = FACE_OUTER_BOUND ( 'NONE', #693, .T. ) ;
#346 = ADVANCED_FACE ( 'NONE', ( #518 ), #703, .T. ) ;
#347 = VERTEX_POINT ( 'NONE', #505 ) ;
#348 = CARTESIAN_POINT ( 'NONE',  ( 67.64242474423056706, 11.24344457484070858, 9.688615546791703892 ) ) ;
#349 = B_SPLINE_CURVE_WITH_KNOTS ( 'NONE', 3,
 ( #574, #679, #471, #1265, #1082, #67, #185, #1056, #270, #1270, #1075, #466, #589, #981, #484, #771, #976, #965, #1065, #1289, #163, #169, #562, #570, #970, #960, #1153, #62, #74, #460, #866, #366 ),
 .UNSPECIFIED., .F., .F.,
 ( 4, 2, 2, 2, 1, 1, 1, 2, 2, 2, 2, 1, 1, 1, 1, 1, 2, 2, 2, 4 ),
 ( 0.000000000000000000, 0.2500000000001526557, 0.3750000000002289835, 0.4375000000002671197, 0.4687500000002862155, 0.4843750000002937650, 0.4921875000002977063, 0.4960937500002978728, 0.5000000000002979839, 0.6250000000002768896, 0.6875000000002663425, 0.7187500000002625677, 0.7343750000002592371, 0.7421875000002590150, 0.7460937500002573497, 0.7480468750002580158, 0.7490234375002584599, 0.7500000000002587930, 0.8750000000001293410, 1.000000000000000000 ),
 .UNSPECIFIED. ) ;
#350 = CARTESIAN_POINT ( 'NONE',  ( 70.00000000000000000, 12.50000000000000000, 10.00000000000000000 ) ) ;
#351 = VECTOR ( 'NONE', #717, 1000.000000000000000 ) ;
#352 = CYLINDRICAL_SURFACE ( 'NONE', #1060, 6.250000000000005329 ) ;
#353 = DIRECTION ( 'NONE',  ( 0.08823951635043707220, 0.9960992860926268788, -0.000000000000000000 ) ) ;
#354 = ORIENTED_EDGE ( 'NONE', *, *, #755, .F. ) ;
#355 = APPROVAL ( #995, 'UNSPECIFIED' ) ;
#356 = AXIS2_PLACEMENT_3D ( 'NONE', #310, #1104, #914 ) ;
#357 = DIRECTION ( 'NONE',  ( 1.000000000000000000, 0.000000000000000000, 0.000000000000000000 ) ) ;
#358 = FACE_OUTER_BOUND ( 'NONE', #1244, .T. ) ;
#359 = CARTESIAN_POINT ( 'NONE',  ( 70.00000000000000000, -9.500000000000001776, 3.000000000000000000 ) ) ;
#360 = CARTESIAN_POINT ( 'NONE',  ( 67.30488159479806143, 11.52375681782039152, 0.3225420187014557127 ) ) ;
#361 = VERTEX_POINT ( 'NONE', #4 ) ;
#362 = CARTESIAN_POINT ( 'NONE',  ( 65.07291576861086924, -13.38307370318989697, 2.213506692662617237 ) ) ;
#363 = CARTESIAN_POINT ( 'NONE',  ( 71.76684037620798051, 10.65860168672448083, 9.767248144336893034 ) ) ;
#364 = DIRECTION ( 'NONE',  ( 1.000000000000000000, -0.000000000000000000, 0.000000000000000000 ) ) ;
#365 = DIRECTION ( 'NONE',  ( 1.000000000000000000, 0.000000000000000000, 0.000000000000000000 ) ) ;
#366 = CARTESIAN_POINT ( 'NONE',  ( 69.73424481600653735, 9.500000000000000000, 0.000000000000000000 ) ) ;
#367 = EDGE_CURVE ( 'NONE', #950, #75, #407, .T. ) ;
#368 = ORIENTED_EDGE ( 'NONE', *, *, #736, .F. ) ;
#369 = EDGE_CURVE ( 'NONE', #1278, #428, #453, .T. ) ;
#370 = CARTESIAN_POINT ( 'NONE',  ( 170.0000000000000000, 0.000000000000000000, 10.00000000000000000 ) ) ;
#371 = AXIS2_PLACEMENT_3D ( 'NONE', #1255, #248, #1238 ) ;
#372 = DIRECTION ( 'NONE',  ( 1.000000000000000000, 0.000000000000000000, 0.000000000000000000 ) ) ;
#373 = ADVANCED_FACE ( 'NONE', ( #207 ), #608, .T. ) ;
#374 = LINE ( 'NONE', #588, #599 ) ;
#375 = CARTESIAN_POINT ( 'NONE',  ( 72.41866804552446979, -11.03052558833971908, 9.587677455058068787 ) ) ;
#376 = ORIENTED_EDGE ( 'NONE', *, *, #736, .T. ) ;
#377 = CIRCLE ( 'NONE', #939, 12.50000000000001066 ) ;
#378 = CARTESIAN_POINT ( 'NONE',  ( 170.0000000000000000, -12.50000000000000355, 10.00000000000000000 ) ) ;
#379 = CARTESIAN_POINT ( 'NONE',  ( 74.48983589628214474, 12.21202379588847364, 8.297489912379452548 ) ) ;
#380 = CARTESIAN_POINT ( 'NONE',  ( 71.72389948569998808, -10.63411915050197365, 9.777373691204168438 ) ) ;
#381 = ORIENTED_EDGE ( 'NONE', *, *, #462, .T. ) ;
#382 =( NAMED_UNIT ( * ) PLANE_ANGLE_UNIT ( ) SI_UNIT ( $, .RADIAN. ) );
#383 = DESIGN_CONTEXT ( 'detailed design', #111, 'design' ) ;
#384 = CARTESIAN_POINT ( 'NONE',  ( 0.000000000000000000, 25.00000000000000000, 7.000000000000000000 ) ) ;
#385 = CARTESIAN_POINT ( 'NONE',  ( 65.07291576861072713, -13.38307370318992184, 7.786493307337368996 ) ) ;
#386 = CARTESIAN_POINT ( 'NONE',  ( 71.44894834592643917, -10.47791223300980157, 9.836437396621130702 ) ) ;
#387 = VERTEX_POINT ( 'NONE', #782 ) ;
#388 = EDGE_CURVE ( 'NONE', #103, #551, #788, .T. ) ;
#389 = EDGE_LOOP ( 'NONE', ( #252, #265, #633, #803 ) ) ;
#390 = APPLICATION_PROTOCOL_DEFINITION ( 'international standard', 'config_control_design', 1994, #111 ) ;
#391 = CARTESIAN_POINT ( 'NONE',  ( -0.2165526421810522184, -22.48859029284345112, 0.03858542079363545818 ) ) ;
#392 = CARTESIAN_POINT ( 'NONE',  ( -0.05415233859453217474, -24.38496083847620710, 8.830344199338096445 ) ) ;
#393 = ORIENTED_EDGE ( 'NONE', *, *, #1078, .T. ) ;
#394 = EDGE_CURVE ( 'NONE', #63, #838, #374, .T. ) ;
#395 = CIRCLE ( 'NONE', #331, 3.000000000000000000 ) ;
#396 = CARTESIAN_POINT ( 'NONE',  ( 71.08990105012432537, 10.27407715810601374, 0.09992494401858433017 ) ) ;
#397 = CARTESIAN_POINT ( 'NONE',  ( -0.2573272383882729275, -21.99849500971335914, 10.00000000000000000 ) ) ;
#398 = AXIS2_PLACEMENT_3D ( 'NONE', #862, #1254, #1125 ) ;
#399 = ORIENTED_EDGE ( 'NONE', *, *, #167, .F. ) ;
#400 = PERSON_AND_ORGANIZATION ( #98, #156 ) ;
#401 = CARTESIAN_POINT ( 'NONE',  ( 75.00262495690255093, 12.49999999999999822, 2.630920409571393837 ) ) ;
#402 = CARTESIAN_POINT ( 'NONE',  ( -0.001728904628292685097, 24.98049402867259872, 7.393655166725633165 ) ) ;
#403 = CARTESIAN_POINT ( 'NONE',  ( 0.000000000000000000, -25.00000000000000000, 7.000000000000000000 ) ) ;
#404 = ORIENTED_EDGE ( 'NONE', *, *, #394, .T. ) ;
#405 = CARTESIAN_POINT ( 'NONE',  ( -0.05415701550776506890, -24.38490738948115677, 1.169585181416284536 ) ) ;
#406 = EDGE_CURVE ( 'NONE', #75, #758, #395, .T. ) ;
#407 = LINE ( 'NONE', #807, #183 ) ;
#408 = CARTESIAN_POINT ( 'NONE',  ( -0.1455559797152064794, -23.32809745036399462, 9.696846833015312583 ) ) ;
#409 = AXIS2_PLACEMENT_3D ( 'NONE', #137, #637, #438 ) ;
#410 = ORIENTED_EDGE ( 'NONE', *, *, #1135, .T. ) ;
#411 = ORIENTED_EDGE ( 'NONE', *, *, #998, .F. ) ;
#412 = AXIS2_PLACEMENT_3D ( 'NONE', #1207, #609, #593 ) ;
#413 = CARTESIAN_POINT ( 'NONE',  ( -0.5273719154509725060, 22.04671727347455601, 7.000000000000000000 ) ) ;
#414 = CARTESIAN_POINT ( 'NONE',  ( -0.08931549033111318980, -23.98128257331223523, 9.261000803250649227 ) ) ;
#415 = DIRECTION ( 'NONE',  ( -0.000000000000000000, -0.000000000000000000, 1.000000000000000000 ) ) ;
#416 = ORIENTED_EDGE ( 'NONE', *, *, #913, .F. ) ;
#417 = CARTESIAN_POINT ( 'NONE',  ( 66.17053241687710852, -12.46920569445896376, 8.930988518757482453 ) ) ;
#418 = CARTESIAN_POINT ( 'NONE',  ( 69.73424481600672209, 9.499999999999968026, 10.00000000000000178 ) ) ;
#419 = CARTESIAN_POINT ( 'NONE',  ( 73.46449573960998691, -11.62519436743270873, 0.8825536803134190755 ) ) ;
#420 = CARTESIAN_POINT ( 'NONE',  ( -0.06524202255457786648, 24.25808223152728260, 1.015324290629082027 ) ) ;
#421 = EDGE_LOOP ( 'NONE', ( #843, #652, #130, #109 ) ) ;
#422 = EDGE_CURVE ( 'NONE', #1130, #63, #256, .T. ) ;
#423 = CARTESIAN_POINT ( 'NONE',  ( 66.69721867208870947, 12.03032505077207759, 9.274236215392352989 ) ) ;
#424 = CARTESIAN_POINT ( 'NONE',  ( -0.01360563352681755205, 24.84623068436717475, 7.968338414757133670 ) ) ;
#425 = CARTESIAN_POINT ( 'NONE',  ( 170.0000000000000000, -12.50000000000000355, 3.000000000000000000 ) ) ;
#426 = LINE ( 'NONE', #730, #158 ) ;
#427 = FACE_OUTER_BOUND ( 'NONE', #1136, .T. ) ;
#428 = VERTEX_POINT ( 'NONE', #1169 ) ;
#429 = CARTESIAN_POINT ( 'NONE',  ( 66.48419695999686496, 12.20743358338586759, 9.148397186214037191 ) ) ;
#430 = DIRECTION ( 'NONE',  ( 0.000000000000000000, 0.000000000000000000, 1.000000000000000000 ) ) ;
#431 = CARTESIAN_POINT ( 'NONE',  ( -2.382280164152718741E-19, 25.00000000000000000, 2.801494758863097623 ) ) ;
#432 = AXIS2_PLACEMENT_3D ( 'NONE', #199, #607, #696 ) ;
#433 = DIRECTION ( 'NONE',  ( 0.000000000000000000, 0.000000000000000000, 1.000000000000000000 ) ) ;
#434 = ORIENTED_EDGE ( 'NONE', *, *, #1040, .T. ) ;
#435 = CARTESIAN_POINT ( 'NONE',  ( 66.02079889097736043, -12.59450199206846044, 8.811510635024205840 ) ) ;
#436 = CARTESIAN_POINT ( 'NONE',  ( 70.00000000000000000, 12.50000000000000000, 7.000000000000000000 ) ) ;
#437 = ADVANCED_FACE ( 'NONE', ( #762 ), #1160, .T. ) ;
#438 = DIRECTION ( 'NONE',  ( 0.000000000000000000, 0.000000000000000000, -1.000000000000000000 ) ) ;
#439 = DIRECTION ( 'NONE',  ( 1.000000000000000000, -3.469446951953614189E-17, 0.000000000000000000 ) ) ;
#440 = ORIENTED_EDGE ( 'NONE', *, *, #851, .F. ) ;
#441 = CARTESIAN_POINT ( 'NONE',  ( 67.57938206219625954, -11.29611692762501107, 9.659399448008304745 ) ) ;
#442 = CARTESIAN_POINT ( 'NONE',  ( 72.41033891734900863, -11.02567232550773291, 0.4148435008474470331 ) ) ;
#443 = CC_DESIGN_DATE_AND_TIME_ASSIGNMENT ( #87, #1102, ( #328 ) ) ;
#444 = CARTESIAN_POINT ( 'NONE',  ( 170.0000000000000000, 0.000000000000000000, 7.000000000000000000 ) ) ;
#445 = CARTESIAN_POINT ( 'NONE',  ( 69.73424481600653735, -9.500000000000000000, 10.00000000000000000 ) ) ;
#446 = ORIENTED_EDGE ( 'NONE', *, *, #1066, .T. ) ;
#447 = CARTESIAN_POINT ( 'NONE',  ( 68.51350687438080911, -10.51692357510394515, -0.003186821727860582407 ) ) ;
#448 = DIRECTION ( 'NONE',  ( 0.08823951635043637831, -0.9960992860926269898, 0.000000000000000000 ) ) ;
#449 = CARTESIAN_POINT ( 'NONE',  ( 170.0000000000000000, 0.000000000000000000, 7.000000000000000000 ) ) ;
#450 = CARTESIAN_POINT ( 'NONE',  ( -4.202791116087196660E-16, -25.00000000000000000, 7.000000000000000000 ) ) ;
#451 = CARTESIAN_POINT ( 'NONE',  ( 65.07291576861078397, 13.38307370318988099, 2.213506692662613240 ) ) ;
#452 = ORIENTED_EDGE ( 'NONE', *, *, #20, .F. ) ;
#453 = CIRCLE ( 'NONE', #356, 25.00000000000000000 ) ;
#454 = TOROIDAL_SURFACE ( 'NONE', #1067, 22.00000000000000355, 3.000000000000000000 ) ;
#455 = DIRECTION ( 'NONE',  ( 0.9844275755084819224, -0.1757906384836574742, 0.000000000000000000 ) ) ;
#456 = CARTESIAN_POINT ( 'NONE',  ( 71.89994489997218352, 10.73452613400598388, 9.734448799054892021 ) ) ;
#457 = CARTESIAN_POINT ( 'NONE',  ( 66.98257157868107470, -11.79321354426321911, 0.5785675279918297553 ) ) ;
#458 = ADVANCED_FACE ( 'NONE', ( #275 ), #875, .T. ) ;
#459 = CARTESIAN_POINT ( 'NONE',  ( 0.000000000000000000, 0.000000000000000000, 0.000000000000000000 ) ) ;
#460 = CARTESIAN_POINT ( 'NONE',  ( 68.98079118529871323, 10.12959449184298677, 0.03334822564299671360 ) ) ;
#461 = ORIENTED_EDGE ( 'NONE', *, *, #1240, .T. ) ;
#462 = EDGE_CURVE ( 'NONE', #75, #867, #1187, .T. ) ;
#463 = LINE ( 'NONE', #378, #564 ) ;
#464 = LINE ( 'NONE', #1062, #266 ) ;
#465 = CARTESIAN_POINT ( 'NONE',  ( 65.07786212245783020, 13.37895319241824588, 3.000000000000000000 ) ) ;
#466 = CARTESIAN_POINT ( 'NONE',  ( 66.41326813168471688, 12.26651286962715659, 0.8971437174033444206 ) ) ;
#467 = ORIENTED_EDGE ( 'NONE', *, *, #247, .F. ) ;
#468 = CARTESIAN_POINT ( 'NONE',  ( 0.000000000000000000, 25.00000000000000000, 7.000000000000000000 ) ) ;
#469 = CIRCLE ( 'NONE', #304, 22.00000000000000355 ) ;
#470 = LINE ( 'NONE', #1172, #159 ) ;
#471 = CARTESIAN_POINT ( 'NONE',  ( 65.18837965706767079, 13.28912133973018506, 2.249346346248546791 ) ) ;
#472 = AXIS2_PLACEMENT_3D ( 'NONE', #825, #430, #1225 ) ;
#473 = ORIENTED_EDGE ( 'NONE', *, *, #250, .T. ) ;
#474 = B_SPLINE_CURVE_WITH_KNOTS ( 'NONE', 1,
 ( #141, #1132 ),
 .UNSPECIFIED., .F., .F.,
 ( 2, 2 ),
 ( 0.000000000000000000, 1.000000000000000000 ),
 .UNSPECIFIED. ) ;
#475 = LINE ( 'NONE', #861, #769 ) ;
#476 = CARTESIAN_POINT ( 'NONE',  ( 73.93384786574009127, 11.89352406328052147, 8.811510635079066844 ) ) ;
#477 = CARTESIAN_POINT ( 'NONE',  ( 65.57848848039894563, -12.96191139470793274, 8.565182705820751252 ) ) ;
#478 = EDGE_CURVE ( 'NONE', #556, #971, #499, .T. ) ;
#479 = CARTESIAN_POINT ( 'NONE',  ( 73.97442230002059205, -11.91570202961825942, 8.826938657501029795 ) ) ;
#480 = ORIENTED_EDGE ( 'NONE', *, *, #478, .T. ) ;
#481 = CALENDAR_DATE ( 2026, 22, 4 ) ;
#482 = CARTESIAN_POINT ( 'NONE',  ( -0.1921918793127308511, -22.77881870527880892, 0.09637318141874447186 ) ) ;
#483 = CARTESIAN_POINT ( 'NONE',  ( 69.73424481600656577, -9.499999999999991118, 10.00000000000000178 ) ) ;
#484 = CARTESIAN_POINT ( 'NONE',  ( 66.63409526469142463, 12.08254534103144806, 0.7547108925725216633 ) ) ;
#485 = CC_DESIGN_DATE_AND_TIME_ASSIGNMENT ( #83, #1188, ( #1180 ) ) ;
#486 = VERTEX_POINT ( 'NONE', #235 ) ;
#487 = CARTESIAN_POINT ( 'NONE',  ( 68.98086082752334391, -10.12953704034976354, 0.03334094633675025593 ) ) ;
#488 = APPROVAL_STATUS ( 'not_yet_approved' ) ;
#489 = CARTESIAN_POINT ( 'NONE',  ( 71.74484204467167103, 10.64605635190730659, 0.2275358027013410223 ) ) ;
#490 = DIRECTION ( 'NONE',  ( 1.000000000000000000, -3.469446951953614189E-17, 0.000000000000000000 ) ) ;
#491 = EDGE_LOOP ( 'NONE', ( #605, #934, #1076, #277 ) ) ;
#492 = CARTESIAN_POINT ( 'NONE',  ( 66.61663893240996970, -12.09727396841764602, 0.7710208379174607884 ) ) ;
#493 = APPROVAL_PERSON_ORGANIZATION ( #1286, #860, #1085 ) ;
#494 = AXIS2_PLACEMENT_3D ( 'NONE', #359, #763, #262 ) ;
#495 = APPROVAL_DATE_TIME ( #799, #1144 ) ;
#496 = CARTESIAN_POINT ( 'NONE',  ( -0.2492611597449527483, -22.09600457342398272, -4.235164736271487251E-19 ) ) ;
#497 = CARTESIAN_POINT ( 'NONE',  ( 66.44882456978197638, -12.23688671418426210, 0.8740799425955527724 ) ) ;
#498 = DIRECTION ( 'NONE',  ( 0.000000000000000000, 0.000000000000000000, 1.000000000000000000 ) ) ;
#499 = CIRCLE ( 'NONE', #398, 25.00000000000000000 ) ;
#500 = VERTEX_POINT ( 'NONE', #628 ) ;
#501 = ORIENTED_EDGE ( 'NONE', *, *, #832, .T. ) ;
#502 = CALENDAR_DATE ( 2026, 22, 4 ) ;
#503 = ADVANCED_FACE ( 'NONE', ( #134 ), #49, .T. ) ;
#504 = CARTESIAN_POINT ( 'NONE',  ( 72.09997141285118971, 10.84857252998234323, 0.3113844532699521217 ) ) ;
#505 = CARTESIAN_POINT ( 'NONE',  ( 176.2500000000000284, 0.000000000000000000, 10.00000000000000000 ) ) ;
#506 = DIRECTION ( 'NONE',  ( 1.000000000000000000, 0.000000000000000000, 0.000000000000000000 ) ) ;
#507 = CARTESIAN_POINT ( 'NONE',  ( -0.05415701550775998963, 24.38490738948115677, 1.169585181416284092 ) ) ;
#508 = ORIENTED_EDGE ( 'NONE', *, *, #286, .F. ) ;
#509 = CALENDAR_DATE ( 2026, 22, 4 ) ;
#510 = CARTESIAN_POINT ( 'NONE',  ( 73.44962216646787567, 11.61672062971464214, 0.8740799425953523771 ) ) ;
#511 = CARTESIAN_POINT ( 'NONE',  ( -0.02691016434641856775, 24.69533940481965217, 8.331839258776533086 ) ) ;
#512 = DIRECTION ( 'NONE',  ( -1.000000000000000000, 0.000000000000000000, 0.000000000000000000 ) ) ;
#513 = CARTESIAN_POINT ( 'NONE',  ( -0.001729058337687278861, 24.98049229546475303, 2.606327322510183730 ) ) ;
#514 = ORIENTED_EDGE ( 'NONE', *, *, #271, .F. ) ;
#515 = CARTESIAN_POINT ( 'NONE',  ( 67.99626043595482372, -10.94846464750971649, 0.2170412332882871165 ) ) ;
#516 = VECTOR ( 'NONE', #61, 1000.000000000000114 ) ;
#517 = CARTESIAN_POINT ( 'NONE',  ( 67.95642343870646584, 10.98165364646611586, 9.772464197298178945 ) ) ;
#518 = FACE_OUTER_BOUND ( 'NONE', #15, .T. ) ;
#519 = CARTESIAN_POINT ( 'NONE',  ( -0.06523646003286810713, -24.25814596668410772, 8.984602380841616664 ) ) ;
#520 = EDGE_CURVE ( 'NONE', #387, #826, #1000, .T. ) ;
#521 = CARTESIAN_POINT ( 'NONE',  ( 179.5000000000000284, 0.000000000000000000, 10.00000000000000000 ) ) ;
#522 = ORIENTED_EDGE ( 'NONE', *, *, #1217, .T. ) ;
#523 = ADVANCED_FACE ( 'NONE', ( #1129 ), #226, .T. ) ;
#524 = CARTESIAN_POINT ( 'NONE',  ( 68.14382670686350707, -10.82540684201066306, 9.822508495049538269 ) ) ;
#525 = DIRECTION ( 'NONE',  ( -0.000000000000000000, -0.000000000000000000, -1.000000000000000000 ) ) ;
#526 = CARTESIAN_POINT ( 'NONE',  ( 66.45374362556476910, -12.23278998789419347, 0.8709329716675511257 ) ) ;
#527 = CARTESIAN_POINT ( 'NONE',  ( 170.0000000000000000, 0.000000000000000000, 10.00000000000000000 ) ) ;
#528 = ORIENTED_EDGE ( 'NONE', *, *, #149, .T. ) ;
#529 = DIRECTION ( 'NONE',  ( 1.000000000000000000, 0.000000000000000000, 0.000000000000000000 ) ) ;
#530 = VERTEX_POINT ( 'NONE', #750 ) ;
#531 = B_SPLINE_CURVE_WITH_KNOTS ( 'NONE', 3,
 ( #921, #431, #513, #102, #19, #203, #535, #507, #420, #816, #1220, #705, #821, #723, #910, #6, #1106, #926, #312, #610 ),
 .UNSPECIFIED., .F., .F.,
 ( 4, 2, 2, 2, 2, 2, 2, 2, 2, 4 ),
 ( 0.000000000000000000, 0.0005870505372804840855, 0.001174101074560968171, 0.001761151611841452365, 0.002348202149121936342, 0.002935252686402420319, 0.003522303223682904730, 0.004109353760963388273, 0.004402879029603630479, 0.004696404298243872684 ),
 .UNSPECIFIED. ) ;
#532 = CARTESIAN_POINT ( 'NONE',  ( 66.24809468493343445, -12.40434160010615017, 8.989698109681285132 ) ) ;
#533 = CARTESIAN_POINT ( 'NONE',  ( -0.008490159661018487069, 24.90407997929948891, 7.777573430015424449 ) ) ;
#534 = DIRECTION ( 'NONE',  ( 0.000000000000000000, 0.000000000000000000, 1.000000000000000000 ) ) ;
#535 = CARTESIAN_POINT ( 'NONE',  ( -0.03503845198014601120, 24.60298751831118480, 1.495734274861986401 ) ) ;
#536 = DIRECTION ( 'NONE',  ( 1.000000000000000000, 0.000000000000000000, 0.000000000000000000 ) ) ;
#537 = CIRCLE ( 'NONE', #409, 3.000000000000000000 ) ;
#538 = VERTEX_POINT ( 'NONE', #550 ) ;
#539 = CARTESIAN_POINT ( 'NONE',  ( 66.85644835358451132, -11.89815835710478531, 9.365975876918662735 ) ) ;
#540 = CARTESIAN_POINT ( 'NONE',  ( 74.99999999999988631, -12.50000000000000000, 10.00000000000000000 ) ) ;
#541 = CARTESIAN_POINT ( 'NONE',  ( 179.5000000000000284, 0.000000000000000000, 0.000000000000000000 ) ) ;
#542 = CARTESIAN_POINT ( 'NONE',  ( -0.2573272383882729275, -21.99849500971335914, 10.00000000000000000 ) ) ;
#543 = CIRCLE ( 'NONE', #1275, 9.500000000000008882 ) ;
#544 = CARTESIAN_POINT ( 'NONE',  ( 170.0000000000000000, 0.000000000000000000, 10.00000000000000000 ) ) ;
#545 = ORIENTED_EDGE ( 'NONE', *, *, #1154, .T. ) ;
#546 = CARTESIAN_POINT ( 'NONE',  ( 66.63409526461282439, -12.08254534108385059, 9.245289107389707439 ) ) ;
#547 = EDGE_CURVE ( 'NONE', #680, #556, #1019, .T. ) ;
#548 = CYLINDRICAL_SURFACE ( 'NONE', #243, 3.000000000000000888 ) ;
#549 = DIRECTION ( 'NONE',  ( 0.000000000000000000, 0.000000000000000000, 1.000000000000000000 ) ) ;
#550 = CARTESIAN_POINT ( 'NONE',  ( 163.7500000000000000, 7.654042494670955634E-16, 10.00000000000000000 ) ) ;
#551 = VERTEX_POINT ( 'NONE', #847 ) ;
#552 = CARTESIAN_POINT ( 'NONE',  ( -0.2573272383882745373, -21.99849500971335914, 0.000000000000000000 ) ) ;
#553 = CARTESIAN_POINT ( 'NONE',  ( 74.99999999999972999, 12.50000000000000000, 3.000000000000000000 ) ) ;
#554 = CARTESIAN_POINT ( 'NONE',  ( 74.99999999999988631, -12.50000000000000000, 7.000000000000000000 ) ) ;
#555 = FACE_OUTER_BOUND ( 'NONE', #210, .T. ) ;
#556 = VERTEX_POINT ( 'NONE', #638 ) ;
#557 = CARTESIAN_POINT ( 'NONE',  ( 170.0000000000000000, 0.000000000000000000, 0.000000000000000000 ) ) ;
#558 = DIRECTION ( 'NONE',  ( -1.000000000000000000, 0.000000000000000000, 0.000000000000000000 ) ) ;
#559 = PRODUCT_DEFINITION_FORMATION_WITH_SPECIFIED_SOURCE ( 'ANY', '', #283, .NOT_KNOWN. ) ;
#560 = CIRCLE ( 'NONE', #329, 12.50000000000000000 ) ;
#561 = DIRECTION ( 'NONE',  ( 0.000000000000000000, 0.000000000000000000, 1.000000000000000000 ) ) ;
#562 = CARTESIAN_POINT ( 'NONE',  ( 67.92000777397629463, 11.01201660025175677, 0.2373481886067496105 ) ) ;
#563 = EDGE_CURVE ( 'NONE', #551, #891, #1045, .T. ) ;
#564 = VECTOR ( 'NONE', #150, 1000.000000000000000 ) ;
#565 = ORIENTED_EDGE ( 'NONE', *, *, #20, .T. ) ;
#566 = AXIS2_PLACEMENT_3D ( 'NONE', #129, #52, #232 ) ;
#567 = CARTESIAN_POINT ( 'NONE',  ( 74.99999999999988631, -12.50000000000000000, 3.000000000000000000 ) ) ;
#568 = CARTESIAN_POINT ( 'NONE',  ( 74.99999999999972999, 12.50000000000000000, 7.000000000000000000 ) ) ;
#569 = DIRECTION ( 'NONE',  ( -0.000000000000000000, -0.000000000000000000, 1.000000000000000000 ) ) ;
#570 = CARTESIAN_POINT ( 'NONE',  ( 67.93697302693551876, 10.99787072075895722, 0.2327518556664238125 ) ) ;
#571 = ORIENTED_EDGE ( 'NONE', *, *, #893, .T. ) ;
#572 = CYLINDRICAL_SURFACE ( 'NONE', #33, 2.999999999999999556 ) ;
#573 = CARTESIAN_POINT ( 'NONE',  ( 72.04860747473372840, 10.81934671687290006, 9.695231025504339684 ) ) ;
#574 = CARTESIAN_POINT ( 'NONE',  ( 65.07786212245783020, 13.37895319241824588, 3.000000000000000000 ) ) ;
#575 = EDGE_LOOP ( 'NONE', ( #1209, #1174, #508, #368 ) ) ;
#576 =( LENGTH_UNIT ( ) NAMED_UNIT ( * ) SI_UNIT ( .MILLI., .METRE. ) );
#577 = CIRCLE ( 'NONE', #856, 3.000000000000000000 ) ;
#578 = ADVANCED_FACE ( 'NONE', ( #555 ), #842, .T. ) ;
#579 = CARTESIAN_POINT ( 'NONE',  ( 73.51376915543843893, 11.65328137749612836, 9.088941016489950897 ) ) ;
#580 = CARTESIAN_POINT ( 'NONE',  ( 66.69721867199777421, -12.03032505084919990, 0.7257637846594217068 ) ) ;
#581 = DIRECTION ( 'NONE',  ( 0.000000000000000000, 0.000000000000000000, -1.000000000000000000 ) ) ;
#582 = CARTESIAN_POINT ( 'NONE',  ( 71.08990105014453320, -10.27407715811712841, 9.900075055978451388 ) ) ;
#583 = CIRCLE ( 'NONE', #180, 3.000000000000000000 ) ;
#584 = VERTEX_POINT ( 'NONE', #1141 ) ;
#585 = CALENDAR_DATE ( 2026, 22, 4 ) ;
#586 = CARTESIAN_POINT ( 'NONE',  ( 71.51396273124913705, 10.51479377108777946, 0.1766028437258359840 ) ) ;
#587 = CC_DESIGN_PERSON_AND_ORGANIZATION_ASSIGNMENT ( #306, #1195, ( #559 ) ) ;
#588 = CARTESIAN_POINT ( 'NONE',  ( 74.99999999999988631, -12.50000000000000000, 3.000000000000000000 ) ) ;
#589 = CARTESIAN_POINT ( 'NONE',  ( 66.42743427040875304, 12.25470700908752519, 0.8878924418911611216 ) ) ;
#590 = EDGE_LOOP ( 'NONE', ( #157, #733, #305 ) ) ;
#591 = DATE_AND_TIME ( #585, #1227 ) ;
#592 = CARTESIAN_POINT ( 'NONE',  ( 72.84619330291040740, 11.27378425431368925, 0.5785675280645427021 ) ) ;
#593 = DIRECTION ( 'NONE',  ( -0.1757906384836575298, 0.9844275755084819224, 0.000000000000000000 ) ) ;
#594 = ORIENTED_EDGE ( 'NONE', *, *, #1284, .F. ) ;
#595 = CARTESIAN_POINT ( 'NONE',  ( -0.2246911640513457875, -22.39128254443523147, 0.02415232006121808064 ) ) ;
#596 = CARTESIAN_POINT ( 'NONE',  ( -12.50000000000000000, 1.530808498934191521E-15, 0.000000000000000000 ) ) ;
#597 = ORIENTED_EDGE ( 'NONE', *, *, #827, .T. ) ;
#598 = ADVANCED_FACE ( 'NONE', ( #625 ), #857, .T. ) ;
#599 = VECTOR ( 'NONE', #1281, 1000.000000000000000 ) ;
#600 = B_SPLINE_CURVE_WITH_KNOTS ( 'NONE', 3,
 ( #622, #1021, #630, #18, #1043, #735, #322, #343, #1117, #820, #1239, #925, #636, #419, #1035, #1219, #722, #442, #946, #840, #221, #1139, #1029, #121, #1233, #44, #741, #729, #135, #845, #127, #1049 ),
 .UNSPECIFIED., .F., .F.,
 ( 4, 2, 2, 2, 1, 1, 1, 2, 2, 2, 2, 1, 1, 1, 1, 1, 2, 2, 2, 4 ),
 ( 0.000000000000000000, 0.2499999999999433231, 0.3749999999999150679, 0.4374999999999030775, 0.4687499999998972489, 0.4843749999998941402, 0.4921874999998906985, 0.4960937499998868128, 0.4999999999998829270, 0.6249999999997570832, 0.6874999999996921352, 0.7187499999996594946, 0.7343749999996413980, 0.7421874999996305178, 0.7460937499996251887, 0.7480468749996225242, 0.7490234374996213029, 0.7499999999996201927, 0.8749999999998100408, 1.000000000000000000 ),
 .UNSPECIFIED. ) ;
#601 = CIRCLE ( 'NONE', #994, 12.50000000000001066 ) ;
#602 = CARTESIAN_POINT ( 'NONE',  ( -0.1024068244562172103, -23.83014197766132369, 0.6149126590213964683 ) ) ;
#603 = DIRECTION ( 'NONE',  ( 0.1757906384836575020, 0.9844275755084820334, -0.000000000000000000 ) ) ;
#604 = DIRECTION ( 'NONE',  ( -1.000000000000000000, -3.469446951953614189E-17, 0.000000000000000000 ) ) ;
#605 = ORIENTED_EDGE ( 'NONE', *, *, #1301, .T. ) ;
#606 = CARTESIAN_POINT ( 'NONE',  ( 69.33069675635830720, -9.836171688902656030, 2.755680521734828437E-16 ) ) ;
#607 = DIRECTION ( 'NONE',  ( 0.000000000000000000, 0.000000000000000000, 1.000000000000000000 ) ) ;
#608 = CYLINDRICAL_SURFACE ( 'NONE', #1166, 2.999999999999999556 ) ;
#609 = DIRECTION ( 'NONE',  ( 0.9844275755084820334, 0.1757906384836575020, -0.000000000000000000 ) ) ;
#610 = CARTESIAN_POINT ( 'NONE',  ( -0.2573272383882729275, 21.99849500971335914, 0.000000000000000000 ) ) ;
#611 = ORIENTED_EDGE ( 'NONE', *, *, #230, .T. ) ;
#612 = CARTESIAN_POINT ( 'NONE',  ( 67.92000777396799549, -11.01201660025862417, 9.762651811391011236 ) ) ;
#613 = ADVANCED_FACE ( 'NONE', ( #837 ), #1148, .T. ) ;
#614 = CARTESIAN_POINT ( 'NONE',  ( 65.07291576861095450, 13.38307370318987921, 7.786493307337386760 ) ) ;
#615 = FACE_BOUND ( 'NONE', #7, .T. ) ;
#616 = CARTESIAN_POINT ( 'NONE',  ( 12.50000000000000000, 0.000000000000000000, 0.000000000000000000 ) ) ;
#617 = ADVANCED_FACE ( 'NONE', ( #345 ), #1242, .F. ) ;
#618 = ORIENTED_EDGE ( 'NONE', *, *, #369, .T. ) ;
#619 = LINE ( 'NONE', #140, #201 ) ;
#620 = ADVANCED_FACE ( 'NONE', ( #1258 ), #707, .T. ) ;
#621 = FACE_OUTER_BOUND ( 'NONE', #1285, .T. ) ;
#622 = CARTESIAN_POINT ( 'NONE',  ( 74.99999999999988631, -12.50000000000000000, 3.000000000000000000 ) ) ;
#623 = ORIENTED_EDGE ( 'NONE', *, *, #1135, .F. ) ;
#624 = AXIS2_PLACEMENT_3D ( 'NONE', #732, #353, #433 ) ;
#625 = FACE_OUTER_BOUND ( 'NONE', #82, .T. ) ;
#626 = ORIENTED_EDGE ( 'NONE', *, *, #91, .T. ) ;
#627 = CARTESIAN_POINT ( 'NONE',  ( 65.07527804249816938, 13.37941463526818886, 7.369079590455076989 ) ) ;
#628 = CARTESIAN_POINT ( 'NONE',  ( 65.07786212245777335, -13.37895319241825476, 7.000000000000000000 ) ) ;
#629 = DIRECTION ( 'NONE',  ( 0.000000000000000000, 0.000000000000000000, -1.000000000000000000 ) ) ;
#630 = CARTESIAN_POINT ( 'NONE',  ( 74.87541189261268926, -12.43099499502605987, 2.249346346242672823 ) ) ;
#631 = ORIENTED_EDGE ( 'NONE', *, *, #1215, .T. ) ;
#632 = DIRECTION ( 'NONE',  ( -0.1757906384836575020, 0.9844275755084820334, 0.000000000000000000 ) ) ;
#633 = ORIENTED_EDGE ( 'NONE', *, *, #1022, .F. ) ;
#634 = CARTESIAN_POINT ( 'NONE',  ( 66.41326813168498688, -12.26651286962881393, 9.102856282594956383 ) ) ;
#635 = ADVANCED_BREP_SHAPE_REPRESENTATION ( 'bikecrankAP203', ( #56, #1164 ), #54 ) ;
#636 = CARTESIAN_POINT ( 'NONE',  ( 73.47381200803840784, -11.63050320503704782, 0.8878924418910756344 ) ) ;
#637 = DIRECTION ( 'NONE',  ( 0.000000000000000000, -1.000000000000000000, 0.000000000000000000 ) ) ;
#638 = CARTESIAN_POINT ( 'NONE',  ( -25.00000000000000000, 0.000000000000000000, 7.000000000000000000 ) ) ;
#639 = VECTOR ( 'NONE', #855, 1000.000000000000114 ) ;
#640 = ORIENTED_EDGE ( 'NONE', *, *, #817, .T. ) ;
#641 = EDGE_CURVE ( 'NONE', #966, #103, #731, .T. ) ;
#642 = CARTESIAN_POINT ( 'NONE',  ( 68.40071822913381538, 10.61254448612106671, 9.875027755977448862 ) ) ;
#643 = AXIS2_PLACEMENT_3D ( 'NONE', #909, #904, #5 ) ;
#644 = CARTESIAN_POINT ( 'NONE',  ( 12.50000000000000000, 0.000000000000000000, 0.000000000000000000 ) ) ;
#645 = CARTESIAN_POINT ( 'NONE',  ( 0.000000000000000000, 0.000000000000000000, 0.000000000000000000 ) ) ;
#646 = CARTESIAN_POINT ( 'NONE',  ( 0.000000000000000000, -25.00000000000000000, 7.000000000000000000 ) ) ;
#647 = B_SPLINE_CURVE_WITH_KNOTS ( 'NONE', 3,
 ( #260, #1042, #760, #1157, #754, #151, #661, #219, #919, #23, #511, #424, #533, #402, #17, #228 ),
 .UNSPECIFIED., .F., .F.,
 ( 4, 2, 2, 2, 2, 2, 2, 4 ),
 ( -2.531240797880357680E-05, 0.001158588447522205384, 0.001750538875272713299, 0.002342489303023221649, 0.002934439730773729781, 0.003526390158524237480, 0.004118340586274744745, 0.004710291014025253312 ),
 .UNSPECIFIED. ) ;
#648 = ORIENTED_EDGE ( 'NONE', *, *, #388, .T. ) ;
#649 = CARTESIAN_POINT ( 'NONE',  ( 65.07786212245783020, 13.37895319241824588, 3.000000000000000000 ) ) ;
#650 = DIRECTION ( 'NONE',  ( -0.000000000000000000, -0.000000000000000000, -1.000000000000000000 ) ) ;
#651 = CARTESIAN_POINT ( 'NONE',  ( 65.57848848039907352, 12.96191139470789722, 1.434817294179265623 ) ) ;
#652 = ORIENTED_EDGE ( 'NONE', *, *, #462, .F. ) ;
#653 = DIRECTION ( 'NONE',  ( -0.9844275755084820334, 0.1757906384836575020, 0.000000000000000000 ) ) ;
#654 = DIRECTION ( 'NONE',  ( -0.000000000000000000, -0.000000000000000000, -1.000000000000000000 ) ) ;
#655 = EDGE_CURVE ( 'NONE', #347, #538, #1299, .T. ) ;
#656 = DIRECTION ( 'NONE',  ( 1.000000000000000000, 0.000000000000000000, 0.000000000000000000 ) ) ;
#657 = DIRECTION ( 'NONE',  ( -1.000000000000000000, -3.469446951953614189E-17, 0.000000000000000000 ) ) ;
#658 = CARTESIAN_POINT ( 'NONE',  ( 73.25987846664853009, -11.50878218686782084, 9.228979162059715691 ) ) ;
#659 = ORIENTED_EDGE ( 'NONE', *, *, #1240, .F. ) ;
#660 = FACE_OUTER_BOUND ( 'NONE', #42, .T. ) ;
#661 = CARTESIAN_POINT ( 'NONE',  ( -0.08931549033111757518, 23.98128257331223523, 9.261000803250649227 ) ) ;
#662 = CARTESIAN_POINT ( 'NONE',  ( 71.75309984156864118, 10.65076553041525820, 9.770512872713601027 ) ) ;
#663 = LOCAL_TIME ( 19, 25, 27.00000000000000000, #682 ) ;
#664 = DIRECTION ( 'NONE',  ( -1.000000000000000000, 0.000000000000000000, 0.000000000000000000 ) ) ;
#665 = DIRECTION ( 'NONE',  ( 1.000000000000000000, 0.000000000000000000, 0.000000000000000000 ) ) ;
#666 = B_SPLINE_CURVE_WITH_KNOTS ( 'NONE', 3,
 ( #1006, #1095, #1108, #396, #796, #1210, #586, #813, #787, #691, #986, #94, #88, #1189, #489, #504, #906, #592, #896, #295, #1103, #800, #1295, #104, #1196, #510, #188, #709, #715, #401, #912 ),
 .UNSPECIFIED., .F., .F.,
 ( 4, 2, 2, 2, 1, 1, 1, 1, 2, 2, 2, 2, 1, 1, 1, 2, 2, 2, 4 ),
 ( 0.000000000000000000, 0.1250000000001855738, 0.1875000000002764178, 0.2187500000003239908, 0.2343750000003503864, 0.2421875000003637646, 0.2460937500003704537, 0.2480468750003740341, 0.2490234375003727019, 0.2500000000003713696, 0.3750000000003366196, 0.4375000000003192446, 0.4687500000003129719, 0.4843750000003098077, 0.4921875000003060330, 0.4960937500003043676, 0.5000000000003026468, 0.7500000000001513234, 1.000000000000000000 ),
 .UNSPECIFIED. ) ;
#667 = CARTESIAN_POINT ( 'NONE',  ( 72.98028177327776689, -11.34996568909797077, 9.363528326399315205 ) ) ;
#668 = ORIENTED_EDGE ( 'NONE', *, *, #13, .T. ) ;
#669 = AXIS2_PLACEMENT_3D ( 'NONE', #1037, #340, #138 ) ;
#670 = CARTESIAN_POINT ( 'NONE',  ( 163.7500000000000000, 7.654042494670955634E-16, 0.000000000000000000 ) ) ;
#671 = CARTESIAN_POINT ( 'NONE',  ( 73.47381200803830836, 11.63050320503617385, 9.112107558109798333 ) ) ;
#672 = CARTESIAN_POINT ( 'NONE',  ( 74.99999999999988631, -12.50000000000000000, 7.000000000000000000 ) ) ;
#673 = ORIENTED_EDGE ( 'NONE', *, *, #809, .F. ) ;
#674 = ADVANCED_FACE ( 'NONE', ( #427 ), #1228, .T. ) ;
#675 = CARTESIAN_POINT ( 'NONE',  ( 71.69262070748584392, -12.79298439747275218, 3.000000000000000888 ) ) ;
#676 = DIRECTION ( 'NONE',  ( 1.000000000000000000, 0.000000000000000000, 0.000000000000000000 ) ) ;
#677 = CARTESIAN_POINT ( 'NONE',  ( 66.86396317386531507, -11.89178014729428945, 0.6364716735629507571 ) ) ;
#678 = DIRECTION ( 'NONE',  ( 0.1757906384836575298, 0.9844275755084819224, 0.000000000000000000 ) ) ;
#679 = CARTESIAN_POINT ( 'NONE',  ( 65.07527818073235437, 13.37941461058351500, 2.630940153316450481 ) ) ;
#680 = VERTEX_POINT ( 'NONE', #646 ) ;
#681 = CC_DESIGN_PERSON_AND_ORGANIZATION_ASSIGNMENT ( #695, #1004, ( #559 ) ) ;
#682 = COORDINATED_UNIVERSAL_TIME_OFFSET ( 0, 0, .AHEAD. ) ;
#683 = CARTESIAN_POINT ( 'NONE',  ( 72.98880079863701553, 11.35492353936429488, 9.365975877115122472 ) ) ;
#684 = CARTESIAN_POINT ( 'NONE',  ( 75.00559367434446756, -12.50318682172786566, 7.786493307337372549 ) ) ;
#685 = CARTESIAN_POINT ( 'NONE',  ( 73.44962216646790409, -11.61672062971497787, 9.125920057404309560 ) ) ;
#686 = VECTOR ( 'NONE', #1146, 1000.000000000000000 ) ;
#687 = ORIENTED_EDGE ( 'NONE', *, *, #697, .T. ) ;
#688 = CARTESIAN_POINT ( 'NONE',  ( 67.95695955716372794, -10.98120678063425437, 0.2273932668950565394 ) ) ;
#689 = VECTOR ( 'NONE', #525, 1000.000000000000000 ) ;
#690 = CALENDAR_DATE ( 2026, 22, 4 ) ;
#691 = CARTESIAN_POINT ( 'NONE',  ( 71.69979109077608825, 10.62038715733323890, 0.2170412332961321744 ) ) ;
#692 = CARTESIAN_POINT ( 'NONE',  ( 170.0000000000000000, -9.500000000000005329, 0.000000000000000000 ) ) ;
#693 = EDGE_LOOP ( 'NONE', ( #124, #793, #611, #812 ) ) ;
#694 = ORIENTED_EDGE ( 'NONE', *, *, #984, .T. ) ;
#695 = PERSON_AND_ORGANIZATION ( #98, #156 ) ;
#696 = DIRECTION ( 'NONE',  ( 1.000000000000000000, 0.000000000000000000, 0.000000000000000000 ) ) ;
#697 = EDGE_CURVE ( 'NONE', #551, #63, #884, .T. ) ;
#698 = DIRECTION ( 'NONE',  ( 1.000000000000000000, 0.000000000000000000, 0.000000000000000000 ) ) ;
#699 = EDGE_LOOP ( 'NONE', ( #25, #859, #1304, #1001 ) ) ;
#700 = ORIENTED_EDGE ( 'NONE', *, *, #1197, .T. ) ;
#701 = CARTESIAN_POINT ( 'NONE',  ( 67.97494142302249998, -10.96622083039978257, 0.2226263087914856498 ) ) ;
#702 = CARTESIAN_POINT ( 'NONE',  ( 65.07527818073253911, -13.37941461058348125, 7.369059846645066969 ) ) ;
#703 = PLANE ( 'NONE',  #289 ) ;
#704 = CARTESIAN_POINT ( 'NONE',  ( 170.0000000000000000, -9.500000000000005329, 7.000000000000000000 ) ) ;
#705 = CARTESIAN_POINT ( 'NONE',  ( -0.1306435170610115715, 23.50220662338943356, 0.3959362384148231717 ) ) ;
#706 = TOROIDAL_SURFACE ( 'NONE', #877, 22.00000000000000355, 3.000000000000000000 ) ;
#707 = B_SPLINE_SURFACE_WITH_KNOTS ( 'NONE', 1, 3, ( 
 ( #949, #451, #651, #360, #1031, #738 ),
 ( #1235, #46, #41, #34, #1120, #245 ) ),
 .UNSPECIFIED., .F., .F., .F.,
 ( 2, 2 ),
 ( 4, 2, 4 ),
 ( 0.000000000000000000, 1.000000000000000000 ),
 ( 3.141592653589793116, 3.926990816987241395, 4.712388980384689674 ),
 .UNSPECIFIED. ) ;
#708 = COORDINATED_UNIVERSAL_TIME_OFFSET ( 0, 0, .AHEAD. ) ;
#709 = CARTESIAN_POINT ( 'NONE',  ( 74.36131077480251861, 12.13901878799684653, 1.520205282694026439 ) ) ;
#710 = DIRECTION ( 'NONE',  ( 3.469446951953614189E-17, 1.000000000000000000, -0.000000000000000000 ) ) ;
#711 = B_SPLINE_CURVE_WITH_KNOTS ( 'NONE', 1,
 ( #125, #1131 ),
 .UNSPECIFIED., .F., .F.,
 ( 2, 2 ),
 ( 0.000000000000000000, 1.000000000000000000 ),
 .UNSPECIFIED. ) ;
#712 = EDGE_LOOP ( 'NONE', ( #1214, #215 ) ) ;
#713 = ORIENTED_EDGE ( 'NONE', *, *, #271, .T. ) ;
#714 = EDGE_CURVE ( 'NONE', #224, #950, #349, .T. ) ;
#715 = CARTESIAN_POINT ( 'NONE',  ( 74.87541210324366148, 12.43098758452756059, 2.249317411876150086 ) ) ;
#716 = DIRECTION ( 'NONE',  ( 1.000000000000000000, 0.000000000000000000, 0.000000000000000000 ) ) ;
#717 = DIRECTION ( 'NONE',  ( -0.000000000000000000, -0.000000000000000000, 1.000000000000000000 ) ) ;
#718 = CARTESIAN_POINT ( 'NONE',  ( 179.5000000000000284, 0.000000000000000000, 7.000000000000000000 ) ) ;
#719 = ORIENTED_EDGE ( 'NONE', *, *, #53, .F. ) ;
#720 = ADVANCED_FACE ( 'NONE', ( #764 ), #454, .T. ) ;
#721 = CARTESIAN_POINT ( 'NONE',  ( 66.61663893247980184, 12.09727396835968527, 9.228979162123433611 ) ) ;
#722 = CARTESIAN_POINT ( 'NONE',  ( 72.56127554148709180, -11.11166860201269913, 0.4677736842294196173 ) ) ;
#723 = CARTESIAN_POINT ( 'NONE',  ( -0.1762397751995878059, 22.96746576559898401, 0.1538214102246284187 ) ) ;
#724 = ORIENTED_EDGE ( 'NONE', *, *, #878, .F. ) ;
#725 = LOCAL_TIME ( 19, 25, 27.00000000000000000, #300 ) ;
#726 = CARTESIAN_POINT ( 'NONE',  ( 67.23455406532723089, -11.58353655089355883, 9.532226315647660542 ) ) ;
#727 = CIRCLE ( 'NONE', #772, 6.250000000000005329 ) ;
#728 = DIRECTION ( 'NONE',  ( 1.000000000000000000, 0.000000000000000000, -0.000000000000000000 ) ) ;
#729 = CARTESIAN_POINT ( 'NONE',  ( 71.53289037396226036, -10.52518642903303814, 0.1774915048893215830 ) ) ;
#730 = CARTESIAN_POINT ( 'NONE',  ( -25.00000000000000000, 0.000000000000000000, 10.00000000000000000 ) ) ;
#731 = CIRCLE ( 'NONE', #795, 22.00000000000000355 ) ;
#732 = CARTESIAN_POINT ( 'NONE',  ( 65.07786212245781599, 13.37895319241824765, 10.00000000000000000 ) ) ;
#733 = ORIENTED_EDGE ( 'NONE', *, *, #714, .F. ) ;
#734 = CARTESIAN_POINT ( 'NONE',  ( 67.36067663511856551, 11.47858806746326721, 9.587677455152487482 ) ) ;
#735 = CARTESIAN_POINT ( 'NONE',  ( 74.03868482565484044, -11.95364850832759984, 1.270885715544768813 ) ) ;
#736 = EDGE_CURVE ( 'NONE', #792, #911, #1061, .T. ) ;
#737 = DIRECTION ( 'NONE',  ( 1.000000000000000000, 0.000000000000000000, 0.000000000000000000 ) ) ;
#738 = CARTESIAN_POINT ( 'NONE',  ( 69.73424481600656577, 9.499999999999991118, 6.938893903907228378E-15 ) ) ;
#739 = ORIENTED_EDGE ( 'NONE', *, *, #952, .T. ) ;
#740 = CARTESIAN_POINT ( 'NONE',  ( 67.94912206522199938, -10.98774113503874617, 9.770512872712329155 ) ) ;
#741 = CARTESIAN_POINT ( 'NONE',  ( 71.74927236528817787, -10.64858280582097017, 0.2285818413605647526 ) ) ;
#742 = CYLINDRICAL_SURFACE ( 'NONE', #1250, 3.000000000000000000 ) ;
#743 = DIRECTION ( 'NONE',  ( -0.000000000000000000, -0.000000000000000000, -1.000000000000000000 ) ) ;
#744 = ORIENTED_EDGE ( 'NONE', *, *, #367, .T. ) ;
#745 = CARTESIAN_POINT ( 'NONE',  ( 66.98257157881637625, 11.79321354414166834, 9.421432472078397069 ) ) ;
#746 = VECTOR ( 'NONE', #490, 1000.000000000000000 ) ;
#747 = DIRECTION ( 'NONE',  ( -3.469446951953614189E-17, 1.000000000000000000, 0.000000000000000000 ) ) ;
#748 = ADVANCED_FACE ( 'NONE', ( #190 ), #915, .T. ) ;
#749 = CYLINDRICAL_SURFACE ( 'NONE', #494, 3.000000000000000000 ) ;
#750 = CARTESIAN_POINT ( 'NONE',  ( 0.000000000000000000, 25.00000000000000000, 3.000000000000000000 ) ) ;
#751 = ORIENTED_EDGE ( 'NONE', *, *, #113, .T. ) ;
#752 = ADVANCED_FACE ( 'NONE', ( #790, #101, #615 ), #1184, .F. ) ;
#753 = LINE ( 'NONE', #1150, #1100 ) ;
#754 = CARTESIAN_POINT ( 'NONE',  ( -0.1306329166377926398, 23.50233014142609633, 9.603991761338990685 ) ) ;
#755 = EDGE_CURVE ( 'NONE', #982, #829, #1013, .T. ) ;
#756 = DIRECTION ( 'NONE',  ( 0.000000000000000000, 0.000000000000000000, 1.000000000000000000 ) ) ;
#757 = CARTESIAN_POINT ( 'NONE',  ( 71.69979109077895885, -10.62038715733474881, 9.782958766703258036 ) ) ;
#758 = VERTEX_POINT ( 'NONE', #1297 ) ;
#759 = LINE ( 'NONE', #1267, #1168 ) ;
#760 = CARTESIAN_POINT ( 'NONE',  ( -0.1915616488352239466, 22.78738619572787982, 9.920763250065570915 ) ) ;
#761 = DIRECTION ( 'NONE',  ( 0.000000000000000000, 0.000000000000000000, 1.000000000000000000 ) ) ;
#762 = FACE_OUTER_BOUND ( 'NONE', #47, .T. ) ;
#763 = DIRECTION ( 'NONE',  ( 1.000000000000000000, -3.469446951953614189E-17, 0.000000000000000000 ) ) ;
#764 = FACE_OUTER_BOUND ( 'NONE', #1179, .T. ) ;
#765 = ORIENTED_EDGE ( 'NONE', *, *, #211, .T. ) ;
#766 = VECTOR ( 'NONE', #154, 1000.000000000000114 ) ;
#767 = FACE_OUTER_BOUND ( 'NONE', #872, .T. ) ;
#768 = DIRECTION ( 'NONE',  ( 1.000000000000000000, 0.000000000000000000, 0.000000000000000000 ) ) ;
#769 = VECTOR ( 'NONE', #1261, 1000.000000000000000 ) ;
#770 = CARTESIAN_POINT ( 'NONE',  ( 65.07786212245774493, -13.37895319241826009, 7.000000000000000000 ) ) ;
#771 = CARTESIAN_POINT ( 'NONE',  ( 66.85644835370121086, 11.89815835701975644, 0.6340241230318014454 ) ) ;
#772 = AXIS2_PLACEMENT_3D ( 'NONE', #370, #1156, #357 ) ;
#773 = ORIENTED_EDGE ( 'NONE', *, *, #230, .F. ) ;
#774 = CARTESIAN_POINT ( 'NONE',  ( 65.07786212245777335, -13.37895319241825476, 3.000000000000000000 ) ) ;
#775 = CARTESIAN_POINT ( 'NONE',  ( -12.50000000000000000, 1.530808498934191521E-15, 0.000000000000000000 ) ) ;
#776 = CARTESIAN_POINT ( 'NONE',  ( 67.36067663498441505, -11.47858806759129457, 0.4123225449081110994 ) ) ;
#777 = CARTESIAN_POINT ( 'NONE',  ( 71.74484204467215420, -10.64605635190757837, 9.772464197298541322 ) ) ;
#778 = ADVANCED_FACE ( 'NONE', ( #296 ), #76, .T. ) ;
#779 = ORIENTED_EDGE ( 'NONE', *, *, #149, .F. ) ;
#780 = PERSON_AND_ORGANIZATION ( #98, #156 ) ;
#781 = CARTESIAN_POINT ( 'NONE',  ( 73.67666320165506022, 11.74628140242718821, 8.989698109706287354 ) ) ;
#782 = CARTESIAN_POINT ( 'NONE',  ( 69.73424481600652314, -9.500000000000001776, 0.000000000000000000 ) ) ;
#783 = CARTESIAN_POINT ( 'NONE',  ( 71.60582174774310715, -10.56695509354303120, 9.803917135604482525 ) ) ;
#784 = ORIENTED_EDGE ( 'NONE', *, *, #113, .F. ) ;
#785 = CARTESIAN_POINT ( 'NONE',  ( 67.96441950784155495, -10.97498863718394979, 0.2254093903569330815 ) ) ;
#786 = PERSON_AND_ORGANIZATION ( #98, #156 ) ;
#787 = CARTESIAN_POINT ( 'NONE',  ( 71.65033561559924635, 10.59224574712742495, 0.2058034334644574803 ) ) ;
#788 = LINE ( 'NONE', #870, #937 ) ;
#789 = EDGE_CURVE ( 'NONE', #103, #680, #1002, .T. ) ;
#790 = FACE_OUTER_BOUND ( 'NONE', #1122, .T. ) ;
#791 = LOCAL_TIME ( 19, 25, 27.00000000000000000, #1300 ) ;
#792 = VERTEX_POINT ( 'NONE', #692 ) ;
#793 = ORIENTED_EDGE ( 'NONE', *, *, #1193, .T. ) ;
#794 = ADVANCED_FACE ( 'NONE', ( #802 ), #897, .F. ) ;
#795 = AXIS2_PLACEMENT_3D ( 'NONE', #223, #1134, #529 ) ;
#796 = CARTESIAN_POINT ( 'NONE',  ( 71.24258006686849853, 10.36079798125631690, 0.1249722441079394730 ) ) ;
#797 = CARTESIAN_POINT ( 'NONE',  ( 74.99999999999988631, -12.50000000000000000, 3.000000000000000000 ) ) ;
#798 = EDGE_LOOP ( 'NONE', ( #1093, #446, #1010, #1032 ) ) ;
#799 = DATE_AND_TIME ( #481, #725 ) ;
#800 = CARTESIAN_POINT ( 'NONE',  ( 73.36062910445222940, 11.56606442707018623, 0.8246282417227440709 ) ) ;
#801 = CARTESIAN_POINT ( 'NONE',  ( 68.51350687438082332, 10.51692357510392739, 10.00318682172786389 ) ) ;
#802 = FACE_OUTER_BOUND ( 'NONE', #1149, .T. ) ;
#803 = ORIENTED_EDGE ( 'NONE', *, *, #1099, .T. ) ;
#804 = APPROVAL_ROLE ( '' ) ;
#805 = VECTOR ( 'NONE', #1012, 1000.000000000000114 ) ;
#806 = CARTESIAN_POINT ( 'NONE',  ( 65.52945821341343446, -13.00577940252884268, 8.297489912268270373 ) ) ;
#807 = CARTESIAN_POINT ( 'NONE',  ( 170.0000000000000000, 9.500000000000005329, 0.000000000000000000 ) ) ;
#808 = CARTESIAN_POINT ( 'NONE',  ( -0.03503541123540610674, -24.60302210245027510, 8.504204682927792192 ) ) ;
#809 = EDGE_CURVE ( 'NONE', #1130, #891, #583, .T. ) ;
#810 = ORIENTED_EDGE ( 'NONE', *, *, #422, .T. ) ;
#811 = CIRCLE ( 'NONE', #472, 12.50000000000000000 ) ;
#812 = ORIENTED_EDGE ( 'NONE', *, *, #1296, .T. ) ;
#813 = CARTESIAN_POINT ( 'NONE',  ( 71.60582174773554698, 10.56695509353900242, 0.1960828643939774851 ) ) ;
#814 = CARTESIAN_POINT ( 'NONE',  ( 0.000000000000000000, 0.000000000000000000, 10.00000000000000000 ) ) ;
#815 = CARTESIAN_POINT ( 'NONE',  ( -1.005851624864480304E-18, -24.99999999999998579, 7.198496337476598228 ) ) ;
#816 = CARTESIAN_POINT ( 'NONE',  ( -0.08932288894762106801, 23.98119727972697746, 0.7389237520415598004 ) ) ;
#817 = EDGE_CURVE ( 'NONE', #361, #936, #1097, .T. ) ;
#818 = EDGE_LOOP ( 'NONE', ( #899, #917, #1192, #724 ) ) ;
#819 = CARTESIAN_POINT ( 'NONE',  ( 67.68785119656401150, -11.20564457939179448, 9.695231025434162930 ) ) ;
#820 = CARTESIAN_POINT ( 'NONE',  ( 73.56895473352217607, -11.68476363567440757, 0.9437935253656417611 ) ) ;
#821 = CARTESIAN_POINT ( 'NONE',  ( -0.1455673938459900174, 23.32796391547820392, 0.3030867933170606210 ) ) ;
#822 = VERTEX_POINT ( 'NONE', #1212 ) ;
#823 = CARTESIAN_POINT ( 'NONE',  ( 65.98475497786652966, 12.62346719936963169, 8.826938657498191176 ) ) ;
#824 = FACE_OUTER_BOUND ( 'NONE', #1236, .T. ) ;
#825 = CARTESIAN_POINT ( 'NONE',  ( 0.000000000000000000, 0.000000000000000000, 10.00000000000000000 ) ) ;
#826 = VERTEX_POINT ( 'NONE', #89 ) ;
#827 = EDGE_CURVE ( 'NONE', #1163, #538, #999, .T. ) ;
#828 = DIRECTION ( 'NONE',  ( 0.000000000000000000, 1.000000000000000000, 0.000000000000000000 ) ) ;
#829 = VERTEX_POINT ( 'NONE', #1110 ) ;
#830 = CC_DESIGN_SECURITY_CLASSIFICATION ( #328, ( #559 ) ) ;
#831 = DIRECTION ( 'NONE',  ( -1.000000000000000000, 3.469446951953614189E-17, -0.000000000000000000 ) ) ;
#832 = EDGE_CURVE ( 'NONE', #838, #911, #214, .T. ) ;
#833 = AXIS2_PLACEMENT_3D ( 'NONE', #854, #761, #1158 ) ;
#834 = PLANE ( 'NONE',  #1205 ) ;
#835 = ORIENTED_EDGE ( 'NONE', *, *, #131, .F. ) ;
#836 = AXIS2_PLACEMENT_3D ( 'NONE', #251, #743, #536 ) ;
#837 = FACE_OUTER_BOUND ( 'NONE', #928, .T. ) ;
#838 = VERTEX_POINT ( 'NONE', #797 ) ;
#839 = CARTESIAN_POINT ( 'NONE',  ( 68.16063266884486893, 10.81184872013261966, 9.823397156335396119 ) ) ;
#840 = CARTESIAN_POINT ( 'NONE',  ( 72.04860747480599059, -10.81934671691384331, 0.3047689745153017715 ) ) ;
#841 = LINE ( 'NONE', #237, #972 ) ;
#842 = PLANE ( 'NONE',  #624 ) ;
#843 = ORIENTED_EDGE ( 'NONE', *, *, #171, .F. ) ;
#844 = CARTESIAN_POINT ( 'NONE',  ( 67.95695955716655590, 10.98120678063207301, 9.772606733105627441 ) ) ;
#845 = CARTESIAN_POINT ( 'NONE',  ( 70.58664216422826598, -9.987340084111286487, 0.03334822560402563724 ) ) ;
#846 = DIRECTION ( 'NONE',  ( -0.000000000000000000, -0.000000000000000000, -1.000000000000000000 ) ) ;
#847 = CARTESIAN_POINT ( 'NONE',  ( 69.73424481600653735, -9.500000000000000000, 10.00000000000000000 ) ) ;
#848 = EDGE_CURVE ( 'NONE', #143, #224, #172, .T. ) ;
#849 = VERTEX_POINT ( 'NONE', #644 ) ;
#850 = DIRECTION ( 'NONE',  ( 0.000000000000000000, 0.000000000000000000, 1.000000000000000000 ) ) ;
#851 = EDGE_CURVE ( 'NONE', #838, #387, #600, .T. ) ;
#852 = AXIS2_PLACEMENT_3D ( 'NONE', #718, #1098, #128 ) ;
#853 = CARTESIAN_POINT ( 'NONE',  ( 12.50000000000000000, 0.000000000000000000, 10.00000000000000000 ) ) ;
#854 = CARTESIAN_POINT ( 'NONE',  ( 170.0000000000000000, 0.000000000000000000, 10.00000000000000000 ) ) ;
#855 = DIRECTION ( 'NONE',  ( -0.9844275755084819224, -0.1757906384836574742, -0.000000000000000000 ) ) ;
#856 = AXIS2_PLACEMENT_3D ( 'NONE', #321, #106, #629 ) ;
#857 = CYLINDRICAL_SURFACE ( 'NONE', #97, 2.999999999999999112 ) ;
#858 = AXIS2_PLACEMENT_3D ( 'NONE', #544, #927, #26 ) ;
#859 = ORIENTED_EDGE ( 'NONE', *, *, #313, .F. ) ;
#860 = APPROVAL ( #285, 'UNSPECIFIED' ) ;
#861 = CARTESIAN_POINT ( 'NONE',  ( 0.000000000000000000, -25.00000000000000000, 10.00000000000000000 ) ) ;
#862 = CARTESIAN_POINT ( 'NONE',  ( 0.000000000000000000, 0.000000000000000000, 7.000000000000000000 ) ) ;
#863 = CARTESIAN_POINT ( 'NONE',  ( 72.56127554134550905, 11.11166860193763384, 9.532226315818352447 ) ) ;
#864 = CARTESIAN_POINT ( 'NONE',  ( 170.0000000000000000, 9.500000000000005329, 3.000000000000000000 ) ) ;
#865 = DIRECTION ( 'NONE',  ( 1.000000000000000000, 0.000000000000000000, 0.000000000000000000 ) ) ;
#866 = CARTESIAN_POINT ( 'NONE',  ( 69.33065038658082813, 9.836210316783480678, -4.316103440115697236E-16 ) ) ;
#867 = VERTEX_POINT ( 'NONE', #541 ) ;
#868 = CARTESIAN_POINT ( 'NONE',  ( 176.2500000000000284, 0.000000000000000000, 0.000000000000000000 ) ) ;
#869 = CARTESIAN_POINT ( 'NONE',  ( 170.0000000000000000, 0.000000000000000000, 3.000000000000000000 ) ) ;
#870 = CARTESIAN_POINT ( 'NONE',  ( 69.47262808454904359, -9.546717273474554233, 10.00000000000000000 ) ) ;
#871 = CARTESIAN_POINT ( 'NONE',  ( 71.51396273126051994, -10.51479377109386171, 9.823397156271962416 ) ) ;
#872 = EDGE_LOOP ( 'NONE', ( #659, #191, #784, #209 ) ) ;
#873 = AXIS2_PLACEMENT_3D ( 'NONE', #146, #561, #51 ) ;
#874 = DIRECTION ( 'NONE',  ( -0.000000000000000000, -0.000000000000000000, 1.000000000000000000 ) ) ;
#875 = B_SPLINE_SURFACE_WITH_KNOTS ( 'NONE', 1, 3, ( 
 ( #770, #385, #477, #184, #280, #483 ),
 ( #168, #684, #72, #883, #175, #1081 ) ),
 .UNSPECIFIED., .F., .F., .F.,
 ( 2, 2 ),
 ( 4, 2, 4 ),
 ( 0.000000000000000000, 1.000000000000000000 ),
 ( 3.141592653589793116, 3.926990816987241395, 4.712388980384689674 ),
 .UNSPECIFIED. ) ;
#876 = CARTESIAN_POINT ( 'NONE',  ( 69.73424481600652314, 9.500000000000001776, 10.00000000000000000 ) ) ;
#877 = AXIS2_PLACEMENT_3D ( 'NONE', #174, #1274, #1280 ) ;
#878 = EDGE_CURVE ( 'NONE', #27, #361, #1039, .T. ) ;
#879 = EDGE_LOOP ( 'NONE', ( #90, #626, #1057, #528 ) ) ;
#880 = CARTESIAN_POINT ( 'NONE',  ( 69.73424481600672209, -9.500000000000001776, 6.938893903907228378E-15 ) ) ;
#881 = UNCERTAINTY_MEASURE_WITH_UNIT (LENGTH_MEASURE( 1.000000000000000082E-05 ), #576, 'distance_accuracy_value', 'NONE');
#882 = DIRECTION ( 'NONE',  ( 0.000000000000000000, 0.000000000000000000, 1.000000000000000000 ) ) ;
#883 = CARTESIAN_POINT ( 'NONE',  ( 72.48153446503062014, -11.06518270582074059, 9.677457981298532630 ) ) ;
#884 = B_SPLINE_CURVE_WITH_KNOTS ( 'NONE', 3,
 ( #445, #942, #81, #582, #1277, #386, #871, #783, #890, #757, #380, #155, #177, #263, #777, #1178, #375, #258, #667, #1170, #658, #281, #1282, #85, #885, #685, #479, #1173, #276, #1071, #672 ),
 .UNSPECIFIED., .F., .F.,
 ( 4, 2, 2, 2, 1, 1, 1, 1, 2, 2, 2, 2, 1, 1, 1, 2, 2, 2, 4 ),
 ( 0.000000000000000000, 0.1250000000000870137, 0.1875000000001284806, 0.2187500000001516565, 0.2343750000001658951, 0.2421875000001730283, 0.2460937500001796341, 0.2480468750001802725, 0.2490234375001806055, 0.2500000000001809108, 0.3750000000001884048, 0.4375000000001942335, 0.4687500000001950662, 0.4843750000001979528, 0.4921875000002016165, 0.4960937500002036149, 0.5000000000002056133, 0.7500000000001029177, 1.000000000000000000 ),
 .UNSPECIFIED. ) ;
#885 = CARTESIAN_POINT ( 'NONE',  ( 73.44405954618264332, -11.61355242334431281, 9.129067028330519307 ) ) ;
#886 = ORIENTED_EDGE ( 'NONE', *, *, #789, .F. ) ;
#887 = PERSON_AND_ORGANIZATION ( #98, #156 ) ;
#888 = CARTESIAN_POINT ( 'NONE',  ( -0.06524202255458302901, -24.25808223152728260, 1.015324290629082249 ) ) ;
#889 = CARTESIAN_POINT ( 'NONE',  ( 170.0000000000000000, 0.000000000000000000, 0.000000000000000000 ) ) ;
#890 = CARTESIAN_POINT ( 'NONE',  ( 71.65033561560477438, -10.59224574713035061, 9.794196566534385084 ) ) ;
#891 = VERTEX_POINT ( 'NONE', #933 ) ;
#892 = CARTESIAN_POINT ( 'NONE',  ( 66.48419695997741030, -12.20743358340153328, 0.8516028137977035284 ) ) ;
#893 = EDGE_CURVE ( 'NONE', #319, #584, #474, .T. ) ;
#894 = CARTESIAN_POINT ( 'NONE',  ( 68.53577495432108435, -10.50033457478394361, 0.09992494398034770797 ) ) ;
#895 = COORDINATED_UNIVERSAL_TIME_OFFSET ( 0, 0, .AHEAD. ) ;
#896 = CARTESIAN_POINT ( 'NONE',  ( 72.98028177336422573, 11.34996568913872217, 0.6364716736329526503 ) ) ;
#897 = PLANE ( 'NONE',  #136 ) ;
#898 = CC_DESIGN_APPROVAL ( #1144, ( #559 ) ) ;
#899 = ORIENTED_EDGE ( 'NONE', *, *, #13, .F. ) ;
#900 = CIRCLE ( 'NONE', #334, 6.250000000000005329 ) ;
#901 = SECURITY_CLASSIFICATION_LEVEL ( 'unclassified' ) ;
#902 = AXIS2_PLACEMENT_3D ( 'NONE', #954, #632, #1248 ) ;
#903 = CARTESIAN_POINT ( 'NONE',  ( -0.2573272383882745373, -21.99849500971335914, 0.000000000000000000 ) ) ;
#904 = DIRECTION ( 'NONE',  ( 0.000000000000000000, 0.000000000000000000, 1.000000000000000000 ) ) ;
#905 = EDGE_LOOP ( 'NONE', ( #1185, #597, #522, #1112 ) ) ;
#906 = CARTESIAN_POINT ( 'NONE',  ( 72.41866804561887250, 11.03052558838861685, 0.4123225449708518009 ) ) ;
#907 = ADVANCED_FACE ( 'NONE', ( #30 ), #548, .T. ) ;
#908 = CARTESIAN_POINT ( 'NONE',  ( 67.30488159479824617, 11.52375681782037198, 9.677457981298557499 ) ) ;
#909 = CARTESIAN_POINT ( 'NONE',  ( 0.000000000000000000, 0.000000000000000000, 0.000000000000000000 ) ) ;
#910 = CARTESIAN_POINT ( 'NONE',  ( -0.1921918793127248837, 22.77881870527880892, 0.09637318141874419430 ) ) ;
#911 = VERTEX_POINT ( 'NONE', #425 ) ;
#912 = CARTESIAN_POINT ( 'NONE',  ( 74.99999999999972999, 12.50000000000000000, 3.000000000000000000 ) ) ;
#913 = EDGE_CURVE ( 'NONE', #829, #246, #811, .T. ) ;
#914 = DIRECTION ( 'NONE',  ( 1.000000000000000000, 0.000000000000000000, 0.000000000000000000 ) ) ;
#915 = CYLINDRICAL_SURFACE ( 'NONE', #412, 2.999999999999999556 ) ;
#916 = VERTEX_POINT ( 'NONE', #940 ) ;
#917 = ORIENTED_EDGE ( 'NONE', *, *, #984, .F. ) ;
#918 = CARTESIAN_POINT ( 'NONE',  ( 68.53577495458780788, 10.50033457456820685, 9.900075056063821322 ) ) ;
#919 = CARTESIAN_POINT ( 'NONE',  ( -0.05415233859454000181, 24.38496083847620710, 8.830344199338098221 ) ) ;
#920 = DIRECTION ( 'NONE',  ( 0.000000000000000000, 0.000000000000000000, 1.000000000000000000 ) ) ;
#921 = CARTESIAN_POINT ( 'NONE',  ( 0.000000000000000000, 25.00000000000000000, 3.000000000000000000 ) ) ;
#922 = ORIENTED_EDGE ( 'NONE', *, *, #292, .F. ) ;
#923 = CARTESIAN_POINT ( 'NONE',  ( 66.44882456978207586, 12.23688671418433849, 9.125920057404355745 ) ) ;
#924 = DIRECTION ( 'NONE',  ( 0.000000000000000000, 0.000000000000000000, 1.000000000000000000 ) ) ;
#925 = CARTESIAN_POINT ( 'NONE',  ( 73.48983290539892721, -11.63963494513363628, 0.8971437174031707817 ) ) ;
#926 = CARTESIAN_POINT ( 'NONE',  ( -0.2410006562866293112, 22.19554754923315087, 0.004853601683763424275 ) ) ;
#927 = DIRECTION ( 'NONE',  ( 0.000000000000000000, 0.000000000000000000, 1.000000000000000000 ) ) ;
#928 = EDGE_LOOP ( 'NONE', ( #773, #14, #1128, #1016 ) ) ;
#929 = ADVANCED_FACE ( 'NONE', ( #332 ), #834, .T. ) ;
#930 = CARTESIAN_POINT ( 'NONE',  ( 67.93697302693126971, -10.99787072076242467, 9.767248144332457471 ) ) ;
#931 = AXIS2_PLACEMENT_3D ( 'NONE', #162, #756, #142 ) ;
#932 = CARTESIAN_POINT ( 'NONE',  ( 74.43385756432232370, 12.17745798129853796, 8.565182705820738818 ) ) ;
#933 = CARTESIAN_POINT ( 'NONE',  ( 170.0000000000000000, -9.500000000000005329, 10.00000000000000000 ) ) ;
#934 = ORIENTED_EDGE ( 'NONE', *, *, #394, .F. ) ;
#935 = DIRECTION ( 'NONE',  ( -0.9844275755084820334, -0.1757906384836575020, 0.000000000000000000 ) ) ;
#936 = VERTEX_POINT ( 'NONE', #338 ) ;
#937 = VECTOR ( 'NONE', #1269, 1000.000000000000114 ) ;
#938 = CARTESIAN_POINT ( 'NONE',  ( 67.88623041619555920, -11.04018275083763712, 9.753369098266146509 ) ) ;
#939 = AXIS2_PLACEMENT_3D ( 'NONE', #449, #654, #768 ) ;
#940 = CARTESIAN_POINT ( 'NONE',  ( -0.2573272383882729275, 21.99849500971335914, 0.000000000000000000 ) ) ;
#941 = FACE_OUTER_BOUND ( 'NONE', #1221, .T. ) ;
#942 = CARTESIAN_POINT ( 'NONE',  ( 70.19060448998661172, -9.759996709703075979, 10.00000000000000000 ) ) ;
#943 = EDGE_LOOP ( 'NONE', ( #231, #687, #222, #993 ) ) ;
#944 = CARTESIAN_POINT ( 'NONE',  ( 68.21815119349813017, 10.76411259666342879, 9.836437396693396451 ) ) ;
#945 = CARTESIAN_POINT ( 'NONE',  ( 69.73424481600652314, -9.500000000000001776, 0.000000000000000000 ) ) ;
#946 = CARTESIAN_POINT ( 'NONE',  ( 72.17129167358056918, -10.88934233291929310, 0.3406005519213377020 ) ) ;
#947 = EDGE_CURVE ( 'NONE', #319, #486, #39, .T. ) ;
#948 = CYLINDRICAL_SURFACE ( 'NONE', #8, 12.50000000000000000 ) ;
#949 = CARTESIAN_POINT ( 'NONE',  ( 65.07786212245783020, 13.37895319241824765, 3.000000000000000444 ) ) ;
#950 = VERTEX_POINT ( 'NONE', #249 ) ;
#951 = CARTESIAN_POINT ( 'NONE',  ( 71.74927236528826313, 10.64858280582102523, 9.771418158639416873 ) ) ;
#952 = EDGE_CURVE ( 'NONE', #849, #982, #974, .T. ) ;
#953 = LINE ( 'NONE', #40, #1294 ) ;
#954 = CARTESIAN_POINT ( 'NONE',  ( 0.000000000000000000, -25.00000000000000000, 10.00000000000000000 ) ) ;
#955 = ORIENTED_EDGE ( 'NONE', *, *, #755, .T. ) ;
#956 = VECTOR ( 'NONE', #455, 1000.000000000000114 ) ;
#957 = CARTESIAN_POINT ( 'NONE',  ( -25.00000000000000000, 0.000000000000000000, 3.000000000000000000 ) ) ;
#958 = CARTESIAN_POINT ( 'NONE',  ( 73.56895473352214765, 11.68476363566863974, 9.056206474640427828 ) ) ;
#959 = CARTESIAN_POINT ( 'NONE',  ( 170.0000000000000000, 9.500000000000005329, 0.000000000000000000 ) ) ;
#960 = CARTESIAN_POINT ( 'NONE',  ( 67.94912206522324993, 10.98774113503774963, 0.2294871272873502954 ) ) ;
#961 = ORIENTED_EDGE ( 'NONE', *, *, #250, .F. ) ;
#962 = CARTESIAN_POINT ( 'NONE',  ( 74.43385756432239475, -12.17745798129854506, 1.434817294179266067 ) ) ;
#963 = CARTESIAN_POINT ( 'NONE',  ( 71.25775888737581454, 10.36971394193065521, 9.877867399189861786 ) ) ;
#964 = CARTESIAN_POINT ( 'NONE',  ( 170.0000000000000000, 0.000000000000000000, 0.000000000000000000 ) ) ;
#965 = CARTESIAN_POINT ( 'NONE',  ( 67.36802290005886107, 11.47234619928353894, 0.4148435009160133524 ) ) ;
#966 = VERTEX_POINT ( 'NONE', #1262 ) ;
#967 = ADVANCED_FACE ( 'NONE', ( #1074 ), #706, .T. ) ;
#968 = CARTESIAN_POINT ( 'NONE',  ( 3.798956885537903005, 21.27415855901225683, 3.000000000000000000 ) ) ;
#969 = DIRECTION ( 'NONE',  ( -0.000000000000000000, -0.000000000000000000, 1.000000000000000000 ) ) ;
#970 = CARTESIAN_POINT ( 'NONE',  ( 67.94426026145518449, 10.99179476024800017, 0.2307917179720050116 ) ) ;
#971 = VERTEX_POINT ( 'NONE', #384 ) ;
#972 = VECTOR ( 'NONE', #339, 1000.000000000000000 ) ;
#973 = CARTESIAN_POINT ( 'NONE',  ( 72.17129167348615226, 10.88934233286668096, 9.659399448106006147 ) ) ;
#974 = CIRCLE ( 'NONE', #1272, 12.50000000000000000 ) ;
#975 = DIRECTION ( 'NONE',  ( 0.9844275755084820334, -0.1757906384836575020, 0.000000000000000000 ) ) ;
#976 = CARTESIAN_POINT ( 'NONE',  ( 67.23455406544312041, 11.58353655080415656, 0.4677736843092999974 ) ) ;
#977 = ORIENTED_EDGE ( 'NONE', *, *, #247, .T. ) ;
#978 = SHAPE_DEFINITION_REPRESENTATION ( #179, #635 ) ;
#979 = CARTESIAN_POINT ( 'NONE',  ( -3.573420246229078592E-19, -25.00000000000000000, 2.801494758863097623 ) ) ;
#980 = EDGE_CURVE ( 'NONE', #1266, #347, #470, .T. ) ;
#981 = CARTESIAN_POINT ( 'NONE',  ( 66.43567221800192613, 12.24784313017767445, 0.8825536803112268291 ) ) ;
#982 = VERTEX_POINT ( 'NONE', #775 ) ;
#983 = CARTESIAN_POINT ( 'NONE',  ( 66.52752690789361623, -12.17137520420605235, 0.8246282416995068809 ) ) ;
#984 = EDGE_CURVE ( 'NONE', #486, #989, #377, .T. ) ;
#985 = APPROVAL_DATE_TIME ( #181, #355 ) ;
#986 = CARTESIAN_POINT ( 'NONE',  ( 71.72389948569856699, 10.63411915050120804, 0.2226263087955138165 ) ) ;
#987 = CARTESIAN_POINT ( 'NONE',  ( -0.02691016434641082741, -24.69533940481965217, 8.331839258776531310 ) ) ;
#988 = ADVANCED_FACE ( 'NONE', ( #358 ), #1054, .T. ) ;
#989 = VERTEX_POINT ( 'NONE', #1256 ) ;
#990 = APPLICATION_PROTOCOL_DEFINITION ( 'international standard', 'config_control_design', 1994, #294 ) ;
#991 = CARTESIAN_POINT ( 'NONE',  ( -0.2410006562866509328, -22.19554754923315798, 0.004853601683762708702 ) ) ;
#992 = DIRECTION ( 'NONE',  ( -1.000000000000000000, -0.000000000000000000, -0.000000000000000000 ) ) ;
#993 = ORIENTED_EDGE ( 'NONE', *, *, #809, .T. ) ;
#994 = AXIS2_PLACEMENT_3D ( 'NONE', #869, #1268, #372 ) ;
#995 = APPROVAL_STATUS ( 'not_yet_approved' ) ;
#996 = CARTESIAN_POINT ( 'NONE',  ( 65.18837965707056981, -13.28912133974434795, 7.750653653695048995 ) ) ;
#997 = DIRECTION ( 'NONE',  ( -0.9844275755084819224, 0.1757906384836574742, 0.000000000000000000 ) ) ;
#998 = EDGE_CURVE ( 'NONE', #319, #936, #3, .T. ) ;
#999 = LINE ( 'NONE', #317, #351 ) ;
#1000 = B_SPLINE_CURVE_WITH_KNOTS ( 'NONE', 3,
 ( #945, #606, #487, #894, #299, #1291, #1101, #204, #1003, #515, #701, #785, #197, #688, #1181, #173, #776, #457, #677, #580, #492, #983, #892, #1116, #526, #497, #1204, #309, #1226, #1186, #335 ),
 .UNSPECIFIED., .F., .F.,
 ( 4, 2, 2, 2, 1, 1, 1, 1, 2, 2, 2, 2, 1, 1, 1, 2, 2, 2, 4 ),
 ( 0.000000000000000000, 0.1250000000000190126, 0.1875000000000269784, 0.2187500000000307809, 0.2343750000000346945, 0.2421875000000366651, 0.2460937500000351663, 0.2480468750000315858, 0.2490234375000300870, 0.2500000000000285327, 0.3750000000001043055, 0.4375000000001439959, 0.4687500000001638134, 0.4843750000001737499, 0.4921875000001764144, 0.4960937500001758038, 0.5000000000001751932, 0.7500000000000875966, 1.000000000000000000 ),
 .UNSPECIFIED. ) ;
#1001 = ORIENTED_EDGE ( 'NONE', *, *, #655, .T. ) ;
#1002 = B_SPLINE_CURVE_WITH_KNOTS ( 'NONE', 3,
 ( #397, #107, #208, #408, #12, #1303, #414, #519, #392, #808, #987, #1105, #1190, #311, #815, #403 ),
 .UNSPECIFIED., .F., .F.,
 ( 4, 2, 2, 2, 2, 2, 2, 4 ),
 ( -2.531240797880080192E-05, 0.001158588447522210154, 0.001750538875272719588, 0.002342489303023228588, 0.002934439730773738021, 0.003526390158524247455, 0.004118340586274752552, 0.004710291014025256781 ),
 .UNSPECIFIED. ) ;
#1003 = CARTESIAN_POINT ( 'NONE',  ( 68.03999877304153188, -10.91206765770751730, 0.2058034334496029460 ) ) ;
#1004 = PERSON_AND_ORGANIZATION_ROLE ( 'creator' ) ;
#1005 = EDGE_CURVE ( 'NONE', #891, #27, #95, .T. ) ;
#1006 = CARTESIAN_POINT ( 'NONE',  ( 69.73424481600653735, 9.500000000000000000, 0.000000000000000000 ) ) ;
#1007 = CARTESIAN_POINT ( 'NONE',  ( 170.0000000000000000, 0.000000000000000000, 3.000000000000000000 ) ) ;
#1008 = CARTESIAN_POINT ( 'NONE',  ( 170.0000000000000000, 0.000000000000000000, 7.000000000000000000 ) ) ;
#1009 = CYLINDRICAL_SURFACE ( 'NONE', #1121, 12.50000000000000000 ) ;
#1010 = ORIENTED_EDGE ( 'NONE', *, *, #189, .F. ) ;
#1011 = CARTESIAN_POINT ( 'NONE',  ( 68.98086082778941375, 10.12953704013029466, 9.966659053691058645 ) ) ;
#1012 = DIRECTION ( 'NONE',  ( -0.9844275755084819224, 0.1757906384836574742, -0.000000000000000000 ) ) ;
#1013 = LINE ( 'NONE', #596, #1251 ) ;
#1014 = DIRECTION ( 'NONE',  ( -0.000000000000000000, -0.000000000000000000, 1.000000000000000000 ) ) ;
#1015 = VECTOR ( 'NONE', #122, 1000.000000000000000 ) ;
#1016 = ORIENTED_EDGE ( 'NONE', *, *, #789, .T. ) ;
#1017 = AXIS2_PLACEMENT_3D ( 'NONE', #1224, #1211, #716 ) ;
#1018 = CARTESIAN_POINT ( 'NONE',  ( 69.73424481600653735, -9.500000000000000000, 10.00000000000000000 ) ) ;
#1019 = CIRCLE ( 'NONE', #836, 25.00000000000000000 ) ;
#1020 = CARTESIAN_POINT ( 'NONE',  ( 74.99999999999994316, 12.49999999999999112, 7.000000000000000000 ) ) ;
#1021 = CARTESIAN_POINT ( 'NONE',  ( 75.00262481648199753, -12.50000000000000178, 2.630940153312440799 ) ) ;
#1022 = EDGE_CURVE ( 'NONE', #428, #826, #464, .T. ) ;
#1023 = FACE_OUTER_BOUND ( 'NONE', #1208, .T. ) ;
#1024 = DIRECTION ( 'NONE',  ( 1.000000000000000000, 3.469446951953614189E-17, -0.000000000000000000 ) ) ;
#1025 = ORIENTED_EDGE ( 'NONE', *, *, #48, .T. ) ;
#1026 = CARTESIAN_POINT ( 'NONE',  ( 65.07786212245783020, 13.37895319241824588, 7.000000000000000000 ) ) ;
#1027 = DIRECTION ( 'NONE',  ( 0.000000000000000000, 0.000000000000000000, 1.000000000000000000 ) ) ;
#1028 = CARTESIAN_POINT ( 'NONE',  ( 65.57848848039924405, 12.96191139470787590, 8.565182705820753029 ) ) ;
#1029 = CARTESIAN_POINT ( 'NONE',  ( 71.78602815223293021, -10.66954494792538100, 0.2373481886026009569 ) ) ;
#1030 = ORIENTED_EDGE ( 'NONE', *, *, #952, .F. ) ;
#1031 = CARTESIAN_POINT ( 'NONE',  ( 68.51350687438065279, 10.51692357510397358, -0.003186821727843938169 ) ) ;
#1032 = ORIENTED_EDGE ( 'NONE', *, *, #406, .F. ) ;
#1033 = CARTESIAN_POINT ( 'NONE',  ( 65.92816381128494641, -12.67211950983780255, 8.729114284420576908 ) ) ;
#1034 = AXIS2_PLACEMENT_3D ( 'NONE', #814, #126, #728 ) ;
#1035 = CARTESIAN_POINT ( 'NONE',  ( 73.24010481680942064, -11.49735157962171428, 0.7547108925024285098 ) ) ;
#1036 = FACE_OUTER_BOUND ( 'NONE', #293, .T. ) ;
#1037 = CARTESIAN_POINT ( 'NONE',  ( 170.0000000000000000, 0.000000000000000000, 10.00000000000000000 ) ) ;
#1038 = ORIENTED_EDGE ( 'NONE', *, *, #947, .F. ) ;
#1039 = CIRCLE ( 'NONE', #1080, 9.500000000000008882 ) ;
#1040 = EDGE_CURVE ( 'NONE', #822, #758, #601, .T. ) ;
#1041 = CARTESIAN_POINT ( 'NONE',  ( 67.95250623587317307, -10.98491956625389676, 9.771418158639908924 ) ) ;
#1042 = CARTESIAN_POINT ( 'NONE',  ( -0.2247936256925132659, 22.39178876745806690, 10.00000000000000000 ) ) ;
#1043 = CARTESIAN_POINT ( 'NONE',  ( 74.32885112908371639, -12.11995962440145824, 1.524628720962869721 ) ) ;
#1044 = DIRECTION ( 'NONE',  ( -0.000000000000000000, -0.000000000000000000, -1.000000000000000000 ) ) ;
#1045 = LINE ( 'NONE', #123, #1232 ) ;
#1046 = ORIENTED_EDGE ( 'NONE', *, *, #1005, .F. ) ;
#1047 =( NAMED_UNIT ( * ) SI_UNIT ( $, .STERADIAN. ) SOLID_ANGLE_UNIT ( ) );
#1048 = PRODUCT_RELATED_PRODUCT_CATEGORY ( 'detail', '', ( #283 ) ) ;
#1049 = CARTESIAN_POINT ( 'NONE',  ( 69.73424481600652314, -9.500000000000001776, 0.000000000000000000 ) ) ;
#1050 = LINE ( 'NONE', #450, #639 ) ;
#1051 = CARTESIAN_POINT ( 'NONE',  ( 70.00000000000000000, 9.500000000000001776, 7.000000000000000000 ) ) ;
#1052 = ORIENTED_EDGE ( 'NONE', *, *, #1296, .F. ) ;
#1053 = DIRECTION ( 'NONE',  ( 0.000000000000000000, 0.000000000000000000, 1.000000000000000000 ) ) ;
#1054 = CYLINDRICAL_SURFACE ( 'NONE', #1063, 25.00000000000000000 ) ;
#1055 = CARTESIAN_POINT ( 'NONE',  ( 3.798956885537903005, -21.27415855901225683, 0.000000000000000000 ) ) ;
#1056 = CARTESIAN_POINT ( 'NONE',  ( 66.17053241687456477, 12.46920569444520766, 1.069011481225983662 ) ) ;
#1057 = ORIENTED_EDGE ( 'NONE', *, *, #947, .T. ) ;
#1058 = LOCAL_TIME ( 19, 25, 27.00000000000000000, #708 ) ;
#1059 = CARTESIAN_POINT ( 'NONE',  ( 68.38524141497181574, -13.08596879494550436, 3.000000000000000888 ) ) ;
#1060 = AXIS2_PLACEMENT_3D ( 'NONE', #964, #1161, #737 ) ;
#1061 = CIRCLE ( 'NONE', #307, 3.000000000000000000 ) ;
#1062 = CARTESIAN_POINT ( 'NONE',  ( 0.000000000000000000, -25.00000000000000000, 3.000000000000000000 ) ) ;
#1063 = AXIS2_PLACEMENT_3D ( 'NONE', #274, #152, #558 ) ;
#1064 = DIRECTION ( 'NONE',  ( 0.000000000000000000, 0.000000000000000000, 1.000000000000000000 ) ) ;
#1065 = CARTESIAN_POINT ( 'NONE',  ( 67.57938206227315447, 11.29611692756312635, 0.3406005519670570747 ) ) ;
#1066 = EDGE_CURVE ( 'NONE', #950, #143, #666, .T. ) ;
#1067 = AXIS2_PLACEMENT_3D ( 'NONE', #1091, #1088, #506 ) ;
#1068 = EDGE_LOOP ( 'NONE', ( #467, #416 ) ) ;
#1069 = DIRECTION ( 'NONE',  ( 1.000000000000000000, 0.000000000000000000, 0.000000000000000000 ) ) ;
#1070 = CARTESIAN_POINT ( 'NONE',  ( 73.24010481671500372, 11.49735157957979226, 9.245289107539489848 ) ) ;
#1071 = CARTESIAN_POINT ( 'NONE',  ( 75.00262495690287778, -12.50000000000000355, 7.369079590459096885 ) ) ;
#1072 = ORIENTED_EDGE ( 'NONE', *, *, #832, .F. ) ;
#1073 = CARTESIAN_POINT ( 'NONE',  ( 72.48153446503081909, -11.06518270582072816, 0.3225420187014692019 ) ) ;
#1074 = FACE_OUTER_BOUND ( 'NONE', #314, .T. ) ;
#1075 = CARTESIAN_POINT ( 'NONE',  ( 66.39210354215008181, 12.28415456263251926, 0.9110589835134060843 ) ) ;
#1076 = ORIENTED_EDGE ( 'NONE', *, *, #1159, .F. ) ;
#1077 = PERSON_AND_ORGANIZATION_ROLE ( 'classification_officer' ) ;
#1078 = EDGE_CURVE ( 'NONE', #867, #792, #543, .T. ) ;
#1079 = CARTESIAN_POINT ( 'NONE',  ( 73.48983290539887037, 11.63963494513191499, 9.102856282598573046 ) ) ;
#1080 = AXIS2_PLACEMENT_3D ( 'NONE', #527, #534, #24 ) ;
#1081 = CARTESIAN_POINT ( 'NONE',  ( 69.73424481600652314, -9.499999999999996447, 9.999999999999994671 ) ) ;
#1082 = CARTESIAN_POINT ( 'NONE',  ( 65.67175203798366567, 12.88684927833920568, 1.524628720967647011 ) ) ;
#1083 = ADVANCED_FACE ( 'NONE', ( #1183 ), #36, .T. ) ;
#1084 = ORIENTED_EDGE ( 'NONE', *, *, #167, .T. ) ;
#1085 = APPROVAL_ROLE ( '' ) ;
#1086 = CARTESIAN_POINT ( 'NONE',  ( -0.03503845198015156231, -24.60298751831118480, 1.495734274861986624 ) ) ;
#1087 = CC_DESIGN_PERSON_AND_ORGANIZATION_ASSIGNMENT ( #887, #1077, ( #328 ) ) ;
#1088 = DIRECTION ( 'NONE',  ( 0.000000000000000000, 0.000000000000000000, 1.000000000000000000 ) ) ;
#1089 = EDGE_LOOP ( 'NONE', ( #835, #668, #1046, #673 ) ) ;
#1090 = CARTESIAN_POINT ( 'NONE',  ( -0.1455673938459963457, -23.32796391547819681, 0.3030867933170601769 ) ) ;
#1091 = CARTESIAN_POINT ( 'NONE',  ( 0.000000000000000000, 0.000000000000000000, 7.000000000000000000 ) ) ;
#1092 = ORIENTED_EDGE ( 'NONE', *, *, #563, .T. ) ;
#1093 = ORIENTED_EDGE ( 'NONE', *, *, #367, .F. ) ;
#1094 = CIRCLE ( 'NONE', #931, 25.00000000000000000 ) ;
#1095 = CARTESIAN_POINT ( 'NONE',  ( 70.19060448997315405, 9.759996709695410999, -4.173754847595564921E-16 ) ) ;
#1096 = CARTESIAN_POINT ( 'NONE',  ( 0.000000000000000000, 25.00000000000000000, 10.00000000000000000 ) ) ;
#1097 = LINE ( 'NONE', #202, #10 ) ;
#1098 = DIRECTION ( 'NONE',  ( 0.000000000000000000, -1.000000000000000000, 0.000000000000000000 ) ) ;
#1099 = EDGE_CURVE ( 'NONE', #428, #1249, #176, .T. ) ;
#1100 = VECTOR ( 'NONE', #253, 1000.000000000000114 ) ;
#1101 = CARTESIAN_POINT ( 'NONE',  ( 68.16063266869440440, -10.81184872025146682, 0.1766028436974252380 ) ) ;
#1102 = DATE_TIME_ROLE ( 'classification_date' ) ;
#1103 = CARTESIAN_POINT ( 'NONE',  ( 73.25987846669666226, 11.50878218688918686, 0.7710208379597933703 ) ) ;
#1104 = DIRECTION ( 'NONE',  ( 0.000000000000000000, 0.000000000000000000, 1.000000000000000000 ) ) ;
#1105 = CARTESIAN_POINT ( 'NONE',  ( -0.01360563352680979263, -24.84623068436716764, 7.968338414757136334 ) ) ;
#1106 = CARTESIAN_POINT ( 'NONE',  ( -0.2246911640513306052, 22.39128254443523147, 0.02415232006121885780 ) ) ;
#1107 = ORIENTED_EDGE ( 'NONE', *, *, #32, .T. ) ;
#1108 = CARTESIAN_POINT ( 'NONE',  ( 70.58656350774842281, 9.987295770112028848, 0.03334094636082160501 ) ) ;
#1109 = CARTESIAN_POINT ( 'NONE',  ( 75.00559367434456703, 12.50318682172783369, 7.786493307337379655 ) ) ;
#1110 = CARTESIAN_POINT ( 'NONE',  ( -12.50000000000000000, 1.530808498934191521E-15, 10.00000000000000000 ) ) ;
#1111 = ORIENTED_EDGE ( 'NONE', *, *, #91, .F. ) ;
#1112 = ORIENTED_EDGE ( 'NONE', *, *, #980, .F. ) ;
#1113 = CARTESIAN_POINT ( 'NONE',  ( 66.52752690793106183, 12.17137520417550611, 9.175371758322953042 ) ) ;
#1114 = EDGE_CURVE ( 'NONE', #500, #551, #287, .T. ) ;
#1115 = CARTESIAN_POINT ( 'NONE',  ( 3.798956885537903005, 21.27415855901225683, 10.00000000000000000 ) ) ;
#1116 = CARTESIAN_POINT ( 'NONE',  ( 66.46588989212293086, -12.22267556971067393, 0.8631966797174324135 ) ) ;
#1117 = CARTESIAN_POINT ( 'NONE',  ( 73.67666320165498917, -11.74628140243802576, 1.010301890305756789 ) ) ;
#1118 = CARTESIAN_POINT ( 'NONE',  ( 65.07786212245783020, 13.37895319241824588, 3.000000000000000000 ) ) ;
#1119 = CC_DESIGN_APPROVAL ( #355, ( #1180 ) ) ;
#1120 = CARTESIAN_POINT ( 'NONE',  ( 71.11473855276913980, 10.28649330733739298, -0.003186821727843938169 ) ) ;
#1121 = AXIS2_PLACEMENT_3D ( 'NONE', #108, #415, #1213 ) ;
#1122 = EDGE_LOOP ( 'NONE', ( #381, #393, #410, #765, #1200, #751, #744 ) ) ;
#1123 = CARTESIAN_POINT ( 'NONE',  ( 66.45374362557049608, 12.23278998788962468, 9.129067028335917655 ) ) ;
#1124 = AXIS2_PLACEMENT_3D ( 'NONE', #238, #935, #147 ) ;
#1125 = DIRECTION ( 'NONE',  ( 1.000000000000000000, 0.000000000000000000, 0.000000000000000000 ) ) ;
#1126 = CARTESIAN_POINT ( 'NONE',  ( 72.48153446503076225, 11.06518270582073526, 9.677457981298530854 ) ) ;
#1127 = CARTESIAN_POINT ( 'NONE',  ( 71.69262070748575866, 12.79298439747274863, 3.000000000000000888 ) ) ;
#1128 = ORIENTED_EDGE ( 'NONE', *, *, #388, .F. ) ;
#1129 = FACE_OUTER_BOUND ( 'NONE', #421, .T. ) ;
#1130 = VERTEX_POINT ( 'NONE', #326 ) ;
#1131 = CARTESIAN_POINT ( 'NONE',  ( 74.99999999999988631, -12.50000000000000000, 7.000000000000000000 ) ) ;
#1132 = CARTESIAN_POINT ( 'NONE',  ( 65.07786212245783020, 13.37895319241824588, 7.000000000000000000 ) ) ;
#1133 = DIRECTION ( 'NONE',  ( 1.000000000000000000, 0.000000000000000000, 0.000000000000000000 ) ) ;
#1134 = DIRECTION ( 'NONE',  ( 0.000000000000000000, 0.000000000000000000, 1.000000000000000000 ) ) ;
#1135 = EDGE_CURVE ( 'NONE', #792, #387, #619, .T. ) ;
#1136 = EDGE_LOOP ( 'NONE', ( #631, #1142, #434, #779, #694, #336 ) ) ;
#1137 = CARTESIAN_POINT ( 'NONE',  ( 68.38734312123376924, -10.62398989890041001, 9.877867399117002734 ) ) ;
#1138 = AXIS2_PLACEMENT_3D ( 'NONE', #1007, #924, #316 ) ;
#1139 = CARTESIAN_POINT ( 'NONE',  ( 71.82423086022384950, -10.69133473994761729, 0.2466309017210868704 ) ) ;
#1140 = CARTESIAN_POINT ( 'NONE',  ( 74.99999999999972999, 12.50000000000000000, 3.000000000000000000 ) ) ;
#1141 = CARTESIAN_POINT ( 'NONE',  ( 65.07786212245783020, 13.37895319241824588, 7.000000000000000000 ) ) ;
#1142 = ORIENTED_EDGE ( 'NONE', *, *, #286, .T. ) ;
#1143 = AXIS2_PLACEMENT_3D ( 'NONE', #1008, #498, #698 ) ;
#1144 = APPROVAL ( #488, 'UNSPECIFIED' ) ;
#1145 = FACE_OUTER_BOUND ( 'NONE', #699, .T. ) ;
#1146 = DIRECTION ( 'NONE',  ( 1.000000000000000000, 3.469446951953614189E-17, -0.000000000000000000 ) ) ;
#1147 = CARTESIAN_POINT ( 'NONE',  ( 170.0000000000000000, 12.50000000000000355, 10.00000000000000000 ) ) ;
#1148 = CYLINDRICAL_SURFACE ( 'NONE', #1124, 2.999999999999999556 ) ;
#1149 = EDGE_LOOP ( 'NONE', ( #810, #404, #501, #1171 ) ) ;
#1150 = CARTESIAN_POINT ( 'NONE',  ( -4.202791116087196660E-16, 25.00000000000000000, 3.000000000000000000 ) ) ;
#1151 = CARTESIAN_POINT ( 'NONE',  ( 71.75859852462507149, 10.65390137126218129, 9.769208282029891777 ) ) ;
#1152 = DIRECTION ( 'NONE',  ( -0.000000000000000000, -0.000000000000000000, -1.000000000000000000 ) ) ;
#1153 = CARTESIAN_POINT ( 'NONE',  ( 67.95250623587318728, 10.98491956625388788, 0.2285818413600866905 ) ) ;
#1154 = EDGE_CURVE ( 'NONE', #936, #584, #1243, .T. ) ;
#1155 = ORIENTED_EDGE ( 'NONE', *, *, #697, .F. ) ;
#1156 = DIRECTION ( 'NONE',  ( 0.000000000000000000, 0.000000000000000000, 1.000000000000000000 ) ) ;
#1157 = CARTESIAN_POINT ( 'NONE',  ( -0.1455559797152140011, 23.32809745036399462, 9.696846833015314360 ) ) ;
#1158 = DIRECTION ( 'NONE',  ( 1.000000000000000000, 0.000000000000000000, 0.000000000000000000 ) ) ;
#1159 = EDGE_CURVE ( 'NONE', #500, #63, #711, .T. ) ;
#1160 = CYLINDRICAL_SURFACE ( 'NONE', #60, 25.00000000000000000 ) ;
#1161 = DIRECTION ( 'NONE',  ( -0.000000000000000000, -0.000000000000000000, 1.000000000000000000 ) ) ;
#1162 = CARTESIAN_POINT ( 'NONE',  ( 170.0000000000000000, -9.500000000000005329, 3.000000000000000000 ) ) ;
#1163 = VERTEX_POINT ( 'NONE', #670 ) ;
#1164 = AXIS2_PLACEMENT_3D ( 'NONE', #1182, #198, #192 ) ;
#1165 = CARTESIAN_POINT ( 'NONE',  ( 69.73424481600672209, -9.499999999999969802, 0.000000000000000000 ) ) ;
#1166 = AXIS2_PLACEMENT_3D ( 'NONE', #413, #975, #678 ) ;
#1167 = CARTESIAN_POINT ( 'NONE',  ( 74.32885112908404324, 12.11995962437419472, 8.475371279084191301 ) ) ;
#1168 = VECTOR ( 'NONE', #1053, 1000.000000000000000 ) ;
#1169 = CARTESIAN_POINT ( 'NONE',  ( 0.000000000000000000, -25.00000000000000000, 3.000000000000000000 ) ) ;
#1170 = CARTESIAN_POINT ( 'NONE',  ( 73.16878455601714393, -11.45704099014244193, 9.274236215311681519 ) ) ;
#1171 = ORIENTED_EDGE ( 'NONE', *, *, #1215, .F. ) ;
#1172 = CARTESIAN_POINT ( 'NONE',  ( 176.2500000000000284, 0.000000000000000000, 0.000000000000000000 ) ) ;
#1173 = CARTESIAN_POINT ( 'NONE',  ( 74.36131077480293072, -12.13901878797429212, 8.479794717346205601 ) ) ;
#1174 = ORIENTED_EDGE ( 'NONE', *, *, #171, .T. ) ;
#1175 = ADVANCED_FACE ( 'NONE', ( #660 ), #1194, .T. ) ;
#1176 = CARTESIAN_POINT ( 'NONE',  ( 73.46449573961282908, 11.62519436743401613, 9.117446319685271305 ) ) ;
#1177 = CARTESIAN_POINT ( 'NONE',  ( 0.000000000000000000, 0.000000000000000000, 10.00000000000000000 ) ) ;
#1178 = CARTESIAN_POINT ( 'NONE',  ( 72.09997141278829247, -10.84857252994743249, 9.688615546744502538 ) ) ;
#1179 = EDGE_LOOP ( 'NONE', ( #473, #282, #1271, #886, #341 ) ) ;
#1180 = PRODUCT_DEFINITION ( 'UNKNOWN', '', #559, #383 ) ;
#1181 = CARTESIAN_POINT ( 'NONE',  ( 67.95642343870713376, -10.98165364646543019, 0.2275358027015877971 ) ) ;
#1182 = CARTESIAN_POINT ( 'NONE',  ( 0.000000000000000000, 0.000000000000000000, 0.000000000000000000 ) ) ;
#1183 = FACE_OUTER_BOUND ( 'NONE', #818, .T. ) ;
#1184 = PLANE ( 'NONE',  #643 ) ;
#1185 = ORIENTED_EDGE ( 'NONE', *, *, #1197, .F. ) ;
#1186 = CARTESIAN_POINT ( 'NONE',  ( 65.07527804249812675, -13.37941463526819419, 2.630920409553909156 ) ) ;
#1187 = CIRCLE ( 'NONE', #118, 9.500000000000008882 ) ;
#1188 = DATE_TIME_ROLE ( 'creation_date' ) ;
#1189 = CARTESIAN_POINT ( 'NONE',  ( 71.74423572005298411, 10.64571068946835553, 0.2273932668956437642 ) ) ;
#1190 = CARTESIAN_POINT ( 'NONE',  ( -0.008490159661010882042, -24.90407997929948891, 7.777573430015423561 ) ) ;
#1191 = B_SPLINE_CURVE_WITH_KNOTS ( 'NONE', 3,
 ( #774, #1059, #675, #567 ),
 .UNSPECIFIED., .F., .F.,
 ( 4, 4 ),
 ( 0.000000000000000000, 1.000000000000000000 ),
 .UNSPECIFIED. ) ;
#1192 = ORIENTED_EDGE ( 'NONE', *, *, #292, .T. ) ;
#1193 = EDGE_CURVE ( 'NONE', #826, #500, #759, .T. ) ;
#1194 = B_SPLINE_SURFACE_WITH_KNOTS ( 'NONE', 1, 3, ( 
 ( #1273, #1279, #962, #1073, #64, #880 ),
 ( #165, #362, #267, #77, #447, #1165 ) ),
 .UNSPECIFIED., .F., .F., .F.,
 ( 2, 2 ),
 ( 4, 2, 4 ),
 ( 0.000000000000000000, 1.000000000000000000 ),
 ( 0.000000000000000000, 0.7853981633974482790, 1.570796326794896558 ),
 .UNSPECIFIED. ) ;
#1195 = PERSON_AND_ORGANIZATION_ROLE ( 'design_supplier' ) ;
#1196 = CARTESIAN_POINT ( 'NONE',  ( 73.44405954618650867, 11.61355242334597726, 0.8709329716711287084 ) ) ;
#1197 = EDGE_CURVE ( 'NONE', #1163, #1266, #900, .T. ) ;
#1198 = CARTESIAN_POINT ( 'NONE',  ( 71.11473855276926770, 10.28649330733737521, 10.00318682172785500 ) ) ;
#1199 = DIRECTION ( 'NONE',  ( 0.000000000000000000, 0.000000000000000000, 1.000000000000000000 ) ) ;
#1200 = ORIENTED_EDGE ( 'NONE', *, *, #145, .T. ) ;
#1201 = TOROIDAL_SURFACE ( 'NONE', #873, 9.500000000000005329, 3.000000000000000000 ) ;
#1202 = PERSON_AND_ORGANIZATION ( #98, #156 ) ;
#1203 = DIRECTION ( 'NONE',  ( 1.000000000000000000, 0.000000000000000000, 0.000000000000000000 ) ) ;
#1204 = CARTESIAN_POINT ( 'NONE',  ( 65.98475497786762389, -12.62346719937589512, 1.173061342508170179 ) ) ;
#1205 = AXIS2_PLACEMENT_3D ( 'NONE', #350, #747, #242 ) ;
#1206 = CARTESIAN_POINT ( 'NONE',  ( 74.99999999999972999, 12.50000000000000000, 7.000000000000000000 ) ) ;
#1207 = CARTESIAN_POINT ( 'NONE',  ( -0.5273719154509725060, -22.04671727347455601, 3.000000000000000000 ) ) ;
#1208 = EDGE_LOOP ( 'NONE', ( #354, #1030, #565, #977 ) ) ;
#1209 = ORIENTED_EDGE ( 'NONE', *, *, #1078, .F. ) ;
#1210 = CARTESIAN_POINT ( 'NONE',  ( 71.44894834591298149, 10.47791223300255758, 0.1635626033763540876 ) ) ;
#1211 = DIRECTION ( 'NONE',  ( 0.000000000000000000, 0.000000000000000000, 1.000000000000000000 ) ) ;
#1212 = CARTESIAN_POINT ( 'NONE',  ( 182.5000000000000284, 0.000000000000000000, 3.000000000000000000 ) ) ;
#1213 = DIRECTION ( 'NONE',  ( 1.000000000000000000, 0.000000000000000000, 0.000000000000000000 ) ) ;
#1214 = ORIENTED_EDGE ( 'NONE', *, *, #655, .F. ) ;
#1215 = EDGE_CURVE ( 'NONE', #1130, #911, #463, .T. ) ;
#1216 = CARTESIAN_POINT ( 'NONE',  ( 68.03999877311477462, 10.91206765765019782, 9.794196566567560325 ) ) ;
#1217 = EDGE_CURVE ( 'NONE', #538, #347, #727, .T. ) ;
#1218 = PLANE ( 'NONE',  #1034 ) ;
#1219 = CARTESIAN_POINT ( 'NONE',  ( 72.98880079877862670, -11.35492353943443256, 0.6340241229398642098 ) ) ;
#1220 = CARTESIAN_POINT ( 'NONE',  ( -0.1024068244562042207, 23.83014197766132369, 0.6149126590213956911 ) ) ;
#1221 = EDGE_LOOP ( 'NONE', ( #1072, #1290, #623, #376 ) ) ;
#1222 = CC_DESIGN_PERSON_AND_ORGANIZATION_ASSIGNMENT ( #400, #187, ( #1180 ) ) ;
#1223 = CARTESIAN_POINT ( 'NONE',  ( 65.64314829017985176, 12.91131774637256235, 8.479794717340901400 ) ) ;
#1224 = CARTESIAN_POINT ( 'NONE',  ( 170.0000000000000000, 0.000000000000000000, 0.000000000000000000 ) ) ;
#1225 = DIRECTION ( 'NONE',  ( 1.000000000000000000, 0.000000000000000000, 0.000000000000000000 ) ) ;
#1226 = CARTESIAN_POINT ( 'NONE',  ( 65.18837814701863920, -13.28911408165020447, 2.249317411850527026 ) ) ;
#1227 = LOCAL_TIME ( 19, 25, 27.00000000000000000, #895 ) ;
#1228 = CYLINDRICAL_SURFACE ( 'NONE', #669, 12.50000000000001066 ) ;
#1229 = ORIENTED_EDGE ( 'NONE', *, *, #848, .T. ) ;
#1230 = AXIS2_PLACEMENT_3D ( 'NONE', #557, #874, #1069 ) ;
#1231 = CARTESIAN_POINT ( 'NONE',  ( 69.33069675653541708, 9.836171688755092291, 10.00000000000000178 ) ) ;
#1232 = VECTOR ( 'NONE', #439, 1000.000000000000000 ) ;
#1233 = CARTESIAN_POINT ( 'NONE',  ( 71.75859852462805577, -10.65390137126388481, 0.2307917179708197375 ) ) ;
#1234 = FACE_OUTER_BOUND ( 'NONE', #575, .T. ) ;
#1235 = CARTESIAN_POINT ( 'NONE',  ( 74.99999999999975842, 12.50000000000000355, 3.000000000000000444 ) ) ;
#1236 = EDGE_LOOP ( 'NONE', ( #648, #1092, #31, #259, #640, #713, #297 ) ) ;
#1237 = CARTESIAN_POINT ( 'NONE',  ( 66.39210354215056498, -12.28415456263536853, 9.088941016483619961 ) ) ;
#1238 = DIRECTION ( 'NONE',  ( 1.000000000000000000, 0.000000000000000000, 0.000000000000000000 ) ) ;
#1239 = CARTESIAN_POINT ( 'NONE',  ( 73.51376915543846735, -11.65328137749909665, 0.9110589835130994407 ) ) ;
#1240 = EDGE_CURVE ( 'NONE', #224, #530, #753, .T. ) ;
#1241 = DIRECTION ( 'NONE',  ( 3.469446951953614189E-17, -1.000000000000000000, 0.000000000000000000 ) ) ;
#1242 = PLANE ( 'NONE',  #902 ) ;
#1243 = B_SPLINE_CURVE_WITH_KNOTS ( 'NONE', 3,
 ( #212, #1231, #1011, #918, #642, #944, #839, #110, #1216, #43, #29, #16, #320, #844, #517, #348, #734, #745, #22, #423, #721, #1113, #429, #217, #1123, #923, #823, #1223, #227, #627, #1026 ),
 .UNSPECIFIED., .F., .F.,
 ( 4, 2, 2, 2, 1, 1, 1, 1, 2, 2, 2, 2, 1, 1, 1, 2, 2, 2, 4 ),
 ( 0.000000000000000000, 0.1250000000000148770, 0.1875000000000222877, 0.2187500000000259792, 0.2343750000000299483, 0.2421875000000321132, 0.2460937500000307532, 0.2480468750000330014, 0.2490234375000343614, 0.2500000000000357492, 0.3750000000001422196, 0.4375000000001939005, 0.4687500000002178258, 0.4843750000002278178, 0.4921875000002305933, 0.4960937500002320366, 0.5000000000002334799, 0.7500000000001167955, 1.000000000000000000 ),
 .UNSPECIFIED. ) ;
#1244 = EDGE_LOOP ( 'NONE', ( #186, #139, #618, #1052 ) ) ;
#1245 = CARTESIAN_POINT ( 'NONE',  ( 66.43567221800429934, -12.24784313017605086, 9.117446319689952006 ) ) ;
#1246 = DIRECTION ( 'NONE',  ( -3.469446951953612956E-17, -1.000000000000000000, 0.000000000000000000 ) ) ;
#1247 = CARTESIAN_POINT ( 'NONE',  ( 0.000000000000000000, 0.000000000000000000, 0.000000000000000000 ) ) ;
#1248 = DIRECTION ( 'NONE',  ( -0.9844275755084819224, -0.1757906384836574742, 0.000000000000000000 ) ) ;
#1249 = VERTEX_POINT ( 'NONE', #552 ) ;
#1250 = AXIS2_PLACEMENT_3D ( 'NONE', #257, #657, #1241 ) ;
#1251 = VECTOR ( 'NONE', #194, 1000.000000000000000 ) ;
#1252 = DIRECTION ( 'NONE',  ( 1.000000000000000000, 0.000000000000000000, 0.000000000000000000 ) ) ;
#1253 = CIRCLE ( 'NONE', #1017, 6.250000000000005329 ) ;
#1254 = DIRECTION ( 'NONE',  ( -0.000000000000000000, -0.000000000000000000, -1.000000000000000000 ) ) ;
#1255 = CARTESIAN_POINT ( 'NONE',  ( 0.000000000000000000, 0.000000000000000000, 10.00000000000000000 ) ) ;
#1256 = CARTESIAN_POINT ( 'NONE',  ( 182.5000000000000284, 0.000000000000000000, 7.000000000000000000 ) ) ;
#1257 = FACE_OUTER_BOUND ( 'NONE', #798, .T. ) ;
#1258 = FACE_OUTER_BOUND ( 'NONE', #590, .T. ) ;
#1259 = ORIENTED_EDGE ( 'NONE', *, *, #1284, .T. ) ;
#1260 = ADVANCED_FACE ( 'NONE', ( #1145 ), #160, .F. ) ;
#1261 = DIRECTION ( 'NONE',  ( -0.000000000000000000, -0.000000000000000000, -1.000000000000000000 ) ) ;
#1262 = CARTESIAN_POINT ( 'NONE',  ( -0.2573272383882745373, 21.99849500971335914, 10.00000000000000000 ) ) ;
#1263 = DIRECTION ( 'NONE',  ( -1.000000000000000000, 3.469446951953614189E-17, -0.000000000000000000 ) ) ;
#1264 = LINE ( 'NONE', #1147, #28 ) ;
#1265 = CARTESIAN_POINT ( 'NONE',  ( 65.52945821340868804, 13.00577940250432185, 1.702510087679543593 ) ) ;
#1266 = VERTEX_POINT ( 'NONE', #868 ) ;
#1267 = CARTESIAN_POINT ( 'NONE',  ( 65.07786212245777335, -13.37895319241825653, 7.000000000000000000 ) ) ;
#1268 = DIRECTION ( 'NONE',  ( 0.000000000000000000, 0.000000000000000000, 1.000000000000000000 ) ) ;
#1269 = DIRECTION ( 'NONE',  ( 0.9844275755084819224, 0.1757906384836574742, -0.000000000000000000 ) ) ;
#1270 = CARTESIAN_POINT ( 'NONE',  ( 66.34331162357973710, 12.32484767372627132, 0.9437935253662552704 ) ) ;
#1271 = ORIENTED_EDGE ( 'NONE', *, *, #547, .F. ) ;
#1272 = AXIS2_PLACEMENT_3D ( 'NONE', #161, #882, #676 ) ;
#1273 = CARTESIAN_POINT ( 'NONE',  ( 75.00000000000004263, -12.49999999999998401, 3.000000000000000444 ) ) ;
#1274 = DIRECTION ( 'NONE',  ( 0.000000000000000000, 0.000000000000000000, 1.000000000000000000 ) ) ;
#1275 = AXIS2_PLACEMENT_3D ( 'NONE', #206, #9, #1203 ) ;
#1276 = ADVANCED_FACE ( 'NONE', ( #767 ), #572, .T. ) ;
#1277 = CARTESIAN_POINT ( 'NONE',  ( 71.24258006688701528, -10.36079798126640306, 9.875027755888988068 ) ) ;
#1278 = VERTEX_POINT ( 'NONE', #957 ) ;
#1279 = CARTESIAN_POINT ( 'NONE',  ( 75.00559367434465230, -12.50318682172783724, 2.213506692662625230 ) ) ;
#1280 = DIRECTION ( 'NONE',  ( 1.000000000000000000, 0.000000000000000000, 0.000000000000000000 ) ) ;
#1281 = DIRECTION ( 'NONE',  ( 0.000000000000000000, -0.000000000000000000, -1.000000000000000000 ) ) ;
#1282 = CARTESIAN_POINT ( 'NONE',  ( 73.40962302549246488, -11.59394429065110188, 9.148397186195751374 ) ) ;
#1283 = B_SPLINE_SURFACE_WITH_KNOTS ( 'NONE', 1, 3, ( 
 ( #1020, #1109, #932, #1126, #1198, #100 ),
 ( #213, #614, #1028, #908, #801, #418 ) ),
 .UNSPECIFIED., .F., .F., .F.,
 ( 2, 2 ),
 ( 4, 2, 4 ),
 ( 0.000000000000000000, 1.000000000000000000 ),
 ( 0.000000000000000000, 0.7853981633974482790, 1.570796326794896558 ),
 .UNSPECIFIED. ) ;
#1284 = EDGE_CURVE ( 'NONE', #971, #584, #57, .T. ) ;
#1285 = EDGE_LOOP ( 'NONE', ( #571, #117, #411 ) ) ;
#1286 = PERSON_AND_ORGANIZATION ( #98, #156 ) ;
#1287 = CARTESIAN_POINT ( 'NONE',  ( -0.02691251984947131901, -24.69531265878738324, 1.668105374076993552 ) ) ;
#1288 = DIRECTION ( 'NONE',  ( -0.000000000000000000, -0.000000000000000000, -1.000000000000000000 ) ) ;
#1289 = CARTESIAN_POINT ( 'NONE',  ( 67.68785119662273075, 11.20564457934383995, 0.3047689745481469981 ) ) ;
#1290 = ORIENTED_EDGE ( 'NONE', *, *, #851, .T. ) ;
#1291 = CARTESIAN_POINT ( 'NONE',  ( 68.21815119331989763, -10.76411259680480903, 0.1635626033439892824 ) ) ;
#1292 = APPROVAL_DATE_TIME ( #591, #860 ) ;
#1293 = APPROVAL_PERSON_ORGANIZATION ( #1202, #1144, #92 ) ;
#1294 = VECTOR ( 'NONE', #1064, 1000.000000000000000 ) ;
#1295 = CARTESIAN_POINT ( 'NONE',  ( 73.40962302550575203, 11.59394429065682708, 0.8516028138098465927 ) ) ;
#1296 = EDGE_CURVE ( 'NONE', #680, #428, #475, .T. ) ;
#1297 = CARTESIAN_POINT ( 'NONE',  ( 170.0000000000000000, 12.50000000000000355, 3.000000000000000000 ) ) ;
#1298 = ORIENTED_EDGE ( 'NONE', *, *, #313, .T. ) ;
#1299 = CIRCLE ( 'NONE', #858, 6.250000000000005329 ) ;
#1300 = COORDINATED_UNIVERSAL_TIME_OFFSET ( 0, 0, .AHEAD. ) ;
#1301 = EDGE_CURVE ( 'NONE', #826, #838, #1191, .T. ) ;
#1302 = CARTESIAN_POINT ( 'NONE',  ( -0.01360685878704888559, -24.84621681971840346, 2.031619122688165024 ) ) ;
#1303 = CARTESIAN_POINT ( 'NONE',  ( -0.1023984274655984072, -23.83023909155189912, 9.385012008825931673 ) ) ;
#1304 = ORIENTED_EDGE ( 'NONE', *, *, #980, .T. ) ;
ENDSEC;
END-ISO-10303-21;
