ISO-10303-21;
HEADER;
FILE_DESCRIPTION (( 'STEP AP214' ),
    '1' );
FILE_NAME ('bikecrankAP214.STEP',
    '2026-04-22T18:25:48',
    ( '' ),
    ( '' ),
    'SwSTEP 2.0',
    'SolidWorks 2025',
    '' );
FILE_SCHEMA (( 'AUTOMOTIVE_DESIGN' ));
ENDSEC;

DATA;
#1 = ORIENTED_EDGE ( 'NONE', *, *, #415, .F. ) ;
#2 = CARTESIAN_POINT ( 'NONE',  ( 66.61663893247980184, 12.09727396835968527, 9.228979162123433611 ) ) ;
#3 = CARTESIAN_POINT ( 'NONE',  ( 73.76442013770969197, 11.79650068493732640, 8.930988518792704056 ) ) ;
#4 = ORIENTED_EDGE ( 'NONE', *, *, #244, .T. ) ;
#5 = CARTESIAN_POINT ( 'NONE',  ( -0.1915616488352165081, -22.78738619572787982, 9.920763250065570915 ) ) ;
#6 = CARTESIAN_POINT ( 'NONE',  ( 66.63409526461282439, -12.08254534108385059, 9.245289107389707439 ) ) ;
#7 = AXIS2_PLACEMENT_3D ( 'NONE', #257, #245, #1067 ) ;
#8 = VERTEX_POINT ( 'NONE', #610 ) ;
#9 = CARTESIAN_POINT ( 'NONE',  ( 66.69721867208870947, 12.03032505077207759, 9.274236215392352989 ) ) ;
#10 = CARTESIAN_POINT ( 'NONE',  ( 0.000000000000000000, 0.000000000000000000, 0.000000000000000000 ) ) ;
#11 = ORIENTED_EDGE ( 'NONE', *, *, #717, .F. ) ;
#12 = CARTESIAN_POINT ( 'NONE',  ( 71.65033561560477438, -10.59224574713035061, 9.794196566534385084 ) ) ;
#13 = DIRECTION ( 'NONE',  ( 1.000000000000000000, 0.000000000000000000, -0.000000000000000000 ) ) ;
#14 = EDGE_CURVE ( 'NONE', #519, #672, #705, .T. ) ;
#15 = CARTESIAN_POINT ( 'NONE',  ( 71.11473855276913980, 10.28649330733739298, -0.003186821727843938169 ) ) ;
#16 = CARTESIAN_POINT ( 'NONE',  ( 179.5000000000000284, 0.000000000000000000, 3.000000000000000000 ) ) ;
#17 = DIRECTION ( 'NONE',  ( -1.000000000000000000, 0.000000000000000000, 0.000000000000000000 ) ) ;
#18 = EDGE_CURVE ( 'NONE', #1006, #336, #1089, .T. ) ;
#19 = CARTESIAN_POINT ( 'NONE',  ( 71.89994490001092231, -10.73452613402819189, 0.2655512009550222152 ) ) ;
#20 = ORIENTED_EDGE ( 'NONE', *, *, #849, .F. ) ;
#21 = CARTESIAN_POINT ( 'NONE',  ( -12.50000000000000000, 1.530808498934191521E-15, 0.000000000000000000 ) ) ;
#22 = CARTESIAN_POINT ( 'NONE',  ( 66.42743427040885251, -12.25470700908836719, 9.112107558107988226 ) ) ;
#23 = ORIENTED_EDGE ( 'NONE', *, *, #205, .F. ) ;
#24 = CARTESIAN_POINT ( 'NONE',  ( -0.008490915810991444060, 24.90407142949910124, 2.222392418205331843 ) ) ;
#25 = CARTESIAN_POINT ( 'NONE',  ( 68.40071822913381538, 10.61254448612106671, 9.875027755977448862 ) ) ;
#26 = CARTESIAN_POINT ( 'NONE',  ( 71.76684037621313905, -10.65860168672745623, 0.2327518556643499159 ) ) ;
#27 = EDGE_LOOP ( 'NONE', ( #1092, #285, #1180, #902 ) ) ;
#28 = CARTESIAN_POINT ( 'NONE',  ( 170.0000000000000000, 0.000000000000000000, 7.000000000000000000 ) ) ;
#29 = AXIS2_PLACEMENT_3D ( 'NONE', #176, #361, #580 ) ;
#30 = CARTESIAN_POINT ( 'NONE',  ( 65.07291576861078397, 13.38307370318988099, 2.213506692662613240 ) ) ;
#31 = CARTESIAN_POINT ( 'NONE',  ( 70.58664216420790183, 9.987340084099820103, 9.966651774397853103 ) ) ;
#32 = ORIENTED_EDGE ( 'NONE', *, *, #166, .F. ) ;
#33 = CARTESIAN_POINT ( 'NONE',  ( 70.19060448998661172, -9.759996709703075979, 10.00000000000000000 ) ) ;
#34 = ADVANCED_FACE ( 'NONE', ( #808 ), #531, .T. ) ;
#35 = VECTOR ( 'NONE', #563, 1000.000000000000000 ) ;
#36 = STYLED_ITEM ( 'NONE', ( #444 ), #110 ) ;
#37 = FACE_BOUND ( 'NONE', #324, .T. ) ;
#38 = ADVANCED_FACE ( 'NONE', ( #815 ), #537, .T. ) ;
#39 = ORIENTED_EDGE ( 'NONE', *, *, #761, .F. ) ;
#40 = APPLICATION_PROTOCOL_DEFINITION ( 'draft international standard', 'automotive_design', 1998, #494 ) ;
#41 = CARTESIAN_POINT ( 'NONE',  ( 68.16063266869440440, -10.81184872025146682, 0.1766028436974252380 ) ) ;
#42 = ORIENTED_EDGE ( 'NONE', *, *, #1232, .T. ) ;
#43 = LINE ( 'NONE', #426, #987 ) ;
#44 = AXIS2_PLACEMENT_3D ( 'NONE', #148, #1220, #1035 ) ;
#45 = EDGE_CURVE ( 'NONE', #336, #1006, #159, .T. ) ;
#46 = DIRECTION ( 'NONE',  ( 1.000000000000000000, 0.000000000000000000, 0.000000000000000000 ) ) ;
#47 = CARTESIAN_POINT ( 'NONE',  ( 73.67666320165506022, 11.74628140242718821, 8.989698109706287354 ) ) ;
#48 = ORIENTED_EDGE ( 'NONE', *, *, #352, .T. ) ;
#49 = CARTESIAN_POINT ( 'NONE',  ( 1.082319877047163898E-18, 25.00000000000000355, 7.198496337476604445 ) ) ;
#50 = CARTESIAN_POINT ( 'NONE',  ( 75.00262495690255093, 12.49999999999999822, 2.630920409571393837 ) ) ;
#51 = CARTESIAN_POINT ( 'NONE',  ( 70.00000000000000000, 9.500000000000001776, 7.000000000000000000 ) ) ;
#52 = AXIS2_PLACEMENT_3D ( 'NONE', #1228, #674, #1134 ) ;
#53 = ADVANCED_FACE ( 'NONE', ( #1018 ), #931, .T. ) ;
#54 = CARTESIAN_POINT ( 'NONE',  ( 71.25775888737581454, 10.36971394193065521, 9.877867399189861786 ) ) ;
#55 = ORIENTED_EDGE ( 'NONE', *, *, #264, .T. ) ;
#56 = CARTESIAN_POINT ( 'NONE',  ( -0.06523646003287279782, 24.25814596668411127, 8.984602380841616664 ) ) ;
#57 = FILL_AREA_STYLE ('',( #351 ) ) ;
#58 = EDGE_CURVE ( 'NONE', #477, #99, #938, .T. ) ;
#59 = B_SPLINE_CURVE_WITH_KNOTS ( 'NONE', 3,
 ( #484, #753, #848, #872, #947, #465, #1235, #765, #185, #278, #671, #1054, #22, #123, #6, #422, #299, #407, #206, #1097, #690, #805, #797, #1090, #219, #1192, #609, #1198, #516, #107, #782, #1001 ),
 .UNSPECIFIED., .F., .F.,
 ( 4, 2, 2, 2, 1, 1, 1, 2, 2, 2, 2, 1, 1, 1, 1, 1, 2, 2, 2, 4 ),
 ( 0.000000000000000000, 0.2499999999998572253, 0.3749999999997872813, 0.4374999999997542521, 0.4687499999997399303, 0.4843749999997330469, 0.4921874999997313260, 0.4960937499997303268, 0.4999999999997293276, 0.6249999999996926903, 0.6874999999996741495, 0.7187499999996649347, 0.7343749999996618261, 0.7421874999996600497, 0.7460937499996609379, 0.7480468749996616040, 0.7490234374996634914, 0.7499999999996653788, 0.8749999999998326894, 1.000000000000000000 ),
 .UNSPECIFIED. ) ;
#60 = CARTESIAN_POINT ( 'NONE',  ( -0.2165526421810522184, -22.48859029284345112, 0.03858542079363545818 ) ) ;
#61 = EDGE_CURVE ( 'NONE', #113, #724, #916, .T. ) ;
#62 = ORIENTED_EDGE ( 'NONE', *, *, #127, .F. ) ;
#63 = DIRECTION ( 'NONE',  ( -0.000000000000000000, -0.000000000000000000, -1.000000000000000000 ) ) ;
#64 = CARTESIAN_POINT ( 'NONE',  ( 65.07527818073235437, 13.37941461058351500, 2.630940153316450481 ) ) ;
#65 = DIRECTION ( 'NONE',  ( 0.9844275755084819224, -0.1757906384836574742, 0.000000000000000000 ) ) ;
#66 = CYLINDRICAL_SURFACE ( 'NONE', #1081, 2.999999999999999556 ) ;
#67 = VERTEX_POINT ( 'NONE', #344 ) ;
#68 = DIRECTION ( 'NONE',  ( 0.000000000000000000, 0.000000000000000000, 1.000000000000000000 ) ) ;
#69 = DIRECTION ( 'NONE',  ( 1.000000000000000000, 3.469446951953614189E-17, -0.000000000000000000 ) ) ;
#70 = CARTESIAN_POINT ( 'NONE',  ( 67.36067663498441505, -11.47858806759129457, 0.4123225449081110994 ) ) ;
#71 = DIRECTION ( 'NONE',  ( -0.000000000000000000, -0.000000000000000000, 1.000000000000000000 ) ) ;
#72 = DIRECTION ( 'NONE',  ( 1.000000000000000000, 0.000000000000000000, 0.000000000000000000 ) ) ;
#73 = ADVANCED_FACE ( 'NONE', ( #820 ), #250, .T. ) ;
#74 = CARTESIAN_POINT ( 'NONE',  ( 68.51350687438080911, -10.51692357510394515, -0.003186821727860582407 ) ) ;
#75 = CARTESIAN_POINT ( 'NONE',  ( 170.0000000000000000, -12.50000000000000355, 10.00000000000000000 ) ) ;
#76 = DIRECTION ( 'NONE',  ( 0.000000000000000000, 0.000000000000000000, 1.000000000000000000 ) ) ;
#77 = ADVANCED_FACE ( 'NONE', ( #1037 ), #626, .T. ) ;
#78 = AXIS2_PLACEMENT_3D ( 'NONE', #937, #332, #234 ) ;
#79 = CARTESIAN_POINT ( 'NONE',  ( 65.98475497786762389, -12.62346719937589512, 1.173061342508170179 ) ) ;
#80 = LINE ( 'NONE', #956, #699 ) ;
#81 = CARTESIAN_POINT ( 'NONE',  ( 0.000000000000000000, -25.00000000000000000, 3.000000000000000000 ) ) ;
#82 = DIRECTION ( 'NONE',  ( 0.08823951635043637831, -0.9960992860926269898, 0.000000000000000000 ) ) ;
#83 = ORIENTED_EDGE ( 'NONE', *, *, #369, .T. ) ;
#84 = CARTESIAN_POINT ( 'NONE',  ( 65.64314829018108810, -12.91131774637911001, 1.520205282670959113 ) ) ;
#85 = AXIS2_PLACEMENT_3D ( 'NONE', #1057, #577, #963 ) ;
#86 = CARTESIAN_POINT ( 'NONE',  ( 68.51350687438058173, -10.51692357510398601, 10.00318682172785500 ) ) ;
#87 = LINE ( 'NONE', #475, #623 ) ;
#88 = EDGE_LOOP ( 'NONE', ( #182, #252, #380, #20 ) ) ;
#89 = VECTOR ( 'NONE', #403, 1000.000000000000114 ) ;
#90 = PRESENTATION_LAYER_ASSIGNMENT (  '', '', ( #36 ) ) ;
#91 = CARTESIAN_POINT ( 'NONE',  ( 67.99626043599270986, 10.94846464748016324, 9.782958766720778243 ) ) ;
#92 = EDGE_CURVE ( 'NONE', #1055, #116, #160, .T. ) ;
#93 = ORIENTED_EDGE ( 'NONE', *, *, #997, .F. ) ;
#94 = CARTESIAN_POINT ( 'NONE',  ( 67.95250623587318728, 10.98491956625388788, 0.2285818413600866905 ) ) ;
#95 = CARTESIAN_POINT ( 'NONE',  ( 3.798956885537903005, 21.27415855901225683, 3.000000000000000000 ) ) ;
#96 = EDGE_LOOP ( 'NONE', ( #142, #621, #783, #928 ) ) ;
#97 = DIRECTION ( 'NONE',  ( -1.000000000000000000, 0.000000000000000000, 0.000000000000000000 ) ) ;
#98 = PLANE ( 'NONE',  #1184 ) ;
#99 = VERTEX_POINT ( 'NONE', #549 ) ;
#100 = CARTESIAN_POINT ( 'NONE',  ( -0.2247936256923742104, -22.39178876745804914, 9.999999999999998224 ) ) ;
#101 = DIRECTION ( 'NONE',  ( -0.9844275755084820334, -0.1757906384836575020, 0.000000000000000000 ) ) ;
#102 = ORIENTED_EDGE ( 'NONE', *, *, #620, .F. ) ;
#103 = CARTESIAN_POINT ( 'NONE',  ( 68.53577495458780788, 10.50033457456820685, 9.900075056063821322 ) ) ;
#104 = CARTESIAN_POINT ( 'NONE',  ( 179.5000000000000284, 0.000000000000000000, 10.00000000000000000 ) ) ;
#105 = EDGE_LOOP ( 'NONE', ( #867, #570, #897, #102 ) ) ;
#106 = CARTESIAN_POINT ( 'NONE',  ( 73.25987846664853009, -11.50878218686782084, 9.228979162059715691 ) ) ;
#107 = CARTESIAN_POINT ( 'NONE',  ( 68.98079118529894060, -10.12959449184274341, 9.966651774357032423 ) ) ;
#108 = ADVANCED_FACE ( 'NONE', ( #1117 ), #1132, .T. ) ;
#109 = VERTEX_POINT ( 'NONE', #1110 ) ;
#110 = MANIFOLD_SOLID_BREP ( 'Chamfer1', #316 ) ;
#111 = CARTESIAN_POINT ( 'NONE',  ( 170.0000000000000000, -9.500000000000005329, 7.000000000000000000 ) ) ;
#112 = DIRECTION ( 'NONE',  ( 0.000000000000000000, 0.000000000000000000, 1.000000000000000000 ) ) ;
#113 = VERTEX_POINT ( 'NONE', #825 ) ;
#114 = CARTESIAN_POINT ( 'NONE',  ( -0.008490159661010882042, -24.90407997929948891, 7.777573430015423561 ) ) ;
#115 = DIRECTION ( 'NONE',  ( -1.000000000000000000, -3.469446951953614189E-17, 0.000000000000000000 ) ) ;
#116 = VERTEX_POINT ( 'NONE', #339 ) ;
#117 = CARTESIAN_POINT ( 'NONE',  ( -0.01360685878704373172, 24.84621681971839990, 2.031619122688165024 ) ) ;
#118 = CARTESIAN_POINT ( 'NONE',  ( 176.2500000000000284, 0.000000000000000000, 10.00000000000000000 ) ) ;
#119 = CARTESIAN_POINT ( 'NONE',  ( 74.32885112908404324, 12.11995962437419472, 8.475371279084191301 ) ) ;
#120 = EDGE_LOOP ( 'NONE', ( #1126, #603, #802 ) ) ;
#121 = PRODUCT_DEFINITION_FORMATION_WITH_SPECIFIED_SOURCE ( 'ANY', '', #913, .NOT_KNOWN. ) ;
#122 = CARTESIAN_POINT ( 'NONE',  ( 71.72389948569998808, -10.63411915050197365, 9.777373691204168438 ) ) ;
#123 = CARTESIAN_POINT ( 'NONE',  ( 66.43567221800429934, -12.24784313017605086, 9.117446319689952006 ) ) ;
#124 = DIRECTION ( 'NONE',  ( 1.000000000000000000, 0.000000000000000000, 0.000000000000000000 ) ) ;
#125 = SHAPE_DEFINITION_REPRESENTATION ( #238, #401 ) ;
#126 = CARTESIAN_POINT ( 'NONE',  ( -0.2246911640513457875, -22.39128254443523147, 0.02415232006121808064 ) ) ;
#127 = EDGE_CURVE ( 'NONE', #574, #162, #941, .T. ) ;
#128 = ORIENTED_EDGE ( 'NONE', *, *, #295, .T. ) ;
#129 = CARTESIAN_POINT ( 'NONE',  ( 71.44894834592643917, -10.47791223300980157, 9.836437396621130702 ) ) ;
#130 = DIRECTION ( 'NONE',  ( 0.000000000000000000, 0.000000000000000000, 1.000000000000000000 ) ) ;
#131 = AXIS2_PLACEMENT_3D ( 'NONE', #1230, #662, #292 ) ;
#132 = ORIENTED_EDGE ( 'NONE', *, *, #175, .T. ) ;
#133 = CARTESIAN_POINT ( 'NONE',  ( 0.000000000000000000, 0.000000000000000000, 0.000000000000000000 ) ) ;
#134 = CARTESIAN_POINT ( 'NONE',  ( 68.53577495432108435, -10.50033457478394361, 0.09992494398034770797 ) ) ;
#135 = ORIENTED_EDGE ( 'NONE', *, *, #630, .T. ) ;
#136 = DIRECTION ( 'NONE',  ( -0.9844275755084819224, 0.1757906384836574742, -0.000000000000000000 ) ) ;
#137 = ADVANCED_FACE ( 'NONE', ( #769 ), #267, .F. ) ;
#138 = CARTESIAN_POINT ( 'NONE',  ( 73.40962302550575203, 11.59394429065682708, 0.8516028138098465927 ) ) ;
#139 = CARTESIAN_POINT ( 'NONE',  ( 74.43385756432215317, 12.17745798129854862, 1.434817294179256963 ) ) ;
#140 = CARTESIAN_POINT ( 'NONE',  ( -0.06524202255457786648, 24.25808223152728260, 1.015324290629082027 ) ) ;
#141 = CARTESIAN_POINT ( 'NONE',  ( 73.51376915543843893, 11.65328137749612836, 9.088941016489950897 ) ) ;
#142 = ORIENTED_EDGE ( 'NONE', *, *, #1047, .F. ) ;
#143 = CARTESIAN_POINT ( 'NONE',  ( -0.1306329166377926398, 23.50233014142609633, 9.603991761338990685 ) ) ;
#144 = CARTESIAN_POINT ( 'NONE',  ( 66.41326813168471688, 12.26651286962715659, 0.8971437174033444206 ) ) ;
#145 = CARTESIAN_POINT ( 'NONE',  ( 65.07786212245801494, 13.37895319241823344, 7.000000000000000000 ) ) ;
#146 = CARTESIAN_POINT ( 'NONE',  ( -0.06524202255458302901, -24.25808223152728260, 1.015324290629082249 ) ) ;
#147 = ORIENTED_EDGE ( 'NONE', *, *, #1157, .F. ) ;
#148 = CARTESIAN_POINT ( 'NONE',  ( 70.00000000000000000, -12.50000000000000000, 10.00000000000000000 ) ) ;
#149 = ADVANCED_FACE ( 'NONE', ( #365 ), #197, .F. ) ;
#150 = CARTESIAN_POINT ( 'NONE',  ( 65.07291576861095450, 13.38307370318987921, 7.786493307337386760 ) ) ;
#151 = TOROIDAL_SURFACE ( 'NONE', #857, 22.00000000000000355, 3.000000000000000000 ) ;
#152 = EDGE_CURVE ( 'NONE', #8, #1119, #1141, .T. ) ;
#153 = CARTESIAN_POINT ( 'NONE',  ( -0.1455673938459963457, -23.32796391547819681, 0.3030867933170601769 ) ) ;
#154 = VERTEX_POINT ( 'NONE', #284 ) ;
#155 = CARTESIAN_POINT ( 'NONE',  ( -0.1455559797152140011, 23.32809745036399462, 9.696846833015314360 ) ) ;
#156 = CARTESIAN_POINT ( 'NONE',  ( 73.97442230002027941, 11.91570202963982084, 1.173061342520528072 ) ) ;
#157 = AXIS2_PLACEMENT_3D ( 'NONE', #1077, #208, #1062 ) ;
#158 = AXIS2_PLACEMENT_3D ( 'NONE', #95, #469, #561 ) ;
#159 = CIRCLE ( 'NONE', #743, 6.250000000000005329 ) ;
#160 = LINE ( 'NONE', #1137, #1031 ) ;
#161 = CARTESIAN_POINT ( 'NONE',  ( 0.000000000000000000, 0.000000000000000000, 10.00000000000000000 ) ) ;
#162 = VERTEX_POINT ( 'NONE', #1156 ) ;
#163 = CARTESIAN_POINT ( 'NONE',  ( -0.008490159661018487069, 24.90407997929948891, 7.777573430015424449 ) ) ;
#164 = CARTESIAN_POINT ( 'NONE',  ( 66.02079889097375087, 12.59450199204899157, 1.188489364950040317 ) ) ;
#165 = CARTESIAN_POINT ( 'NONE',  ( 69.47262808454904359, 9.546717273474554233, 0.000000000000000000 ) ) ;
#166 = EDGE_CURVE ( 'NONE', #154, #980, #1146, .T. ) ;
#167 = DIRECTION ( 'NONE',  ( -0.000000000000000000, -0.000000000000000000, -1.000000000000000000 ) ) ;
#168 = ADVANCED_FACE ( 'NONE', ( #776 ), #665, .T. ) ;
#169 = LINE ( 'NONE', #75, #500 ) ;
#170 = PRODUCT_CONTEXT ( 'NONE', #431, 'mechanical' ) ;
#171 = CARTESIAN_POINT ( 'NONE',  ( 74.99999999999994316, 12.49999999999999112, 7.000000000000000000 ) ) ;
#172 = FACE_OUTER_BOUND ( 'NONE', #794, .T. ) ;
#173 = DIRECTION ( 'NONE',  ( -1.000000000000000000, -3.469446951953614189E-17, -0.000000000000000000 ) ) ;
#174 = CARTESIAN_POINT ( 'NONE',  ( 74.43385756432223843, -12.17745798129854684, 8.565182705820749476 ) ) ;
#175 = EDGE_CURVE ( 'NONE', #920, #1152, #189, .T. ) ;
#176 = CARTESIAN_POINT ( 'NONE',  ( 170.0000000000000000, -9.500000000000005329, 3.000000000000000000 ) ) ;
#177 = CIRCLE ( 'NONE', #503, 3.000000000000000000 ) ;
#178 = CARTESIAN_POINT ( 'NONE',  ( 70.00000000000000000, -12.50000000000000000, 7.000000000000000000 ) ) ;
#179 = CARTESIAN_POINT ( 'NONE',  ( 0.000000000000000000, 0.000000000000000000, 0.000000000000000000 ) ) ;
#180 = CARTESIAN_POINT ( 'NONE',  ( 68.14382670686340759, 10.82540684201081227, 0.1774915049505036146 ) ) ;
#181 = DIRECTION ( 'NONE',  ( 0.000000000000000000, 0.000000000000000000, 1.000000000000000000 ) ) ;
#182 = ORIENTED_EDGE ( 'NONE', *, *, #491, .T. ) ;
#183 = CARTESIAN_POINT ( 'NONE',  ( 67.95695955716372794, -10.98120678063425437, 0.2273932668950565394 ) ) ;
#184 = CARTESIAN_POINT ( 'NONE',  ( 67.30488159479804722, -11.52375681782041106, 9.677457981298545064 ) ) ;
#185 = CARTESIAN_POINT ( 'NONE',  ( 66.24809468493343445, -12.40434160010615017, 8.989698109681285132 ) ) ;
#186 = ORIENTED_EDGE ( 'NONE', *, *, #14, .F. ) ;
#187 = EDGE_CURVE ( 'NONE', #1152, #1113, #1060, .T. ) ;
#188 = CARTESIAN_POINT ( 'NONE',  ( 67.36067663511856551, 11.47858806746326721, 9.587677455152487482 ) ) ;
#189 = CIRCLE ( 'NONE', #29, 3.000000000000000000 ) ;
#190 = DIRECTION ( 'NONE',  ( 1.000000000000000000, 0.000000000000000000, 0.000000000000000000 ) ) ;
#191 = CARTESIAN_POINT ( 'NONE',  ( 69.47262808454904359, -9.546717273474554233, 10.00000000000000000 ) ) ;
#192 = ORIENTED_EDGE ( 'NONE', *, *, #971, .F. ) ;
#193 = CARTESIAN_POINT ( 'NONE',  ( -4.202791116087196660E-16, -25.00000000000000000, 7.000000000000000000 ) ) ;
#194 = CARTESIAN_POINT ( 'NONE',  ( 0.000000000000000000, 0.000000000000000000, 10.00000000000000000 ) ) ;
#195 = ORIENTED_EDGE ( 'NONE', *, *, #335, .T. ) ;
#196 = CARTESIAN_POINT ( 'NONE',  ( -0.1455559797152064794, -23.32809745036399462, 9.696846833015312583 ) ) ;
#197 = PLANE ( 'NONE',  #288 ) ;
#198 = ORIENTED_EDGE ( 'NONE', *, *, #466, .F. ) ;
#199 = AXIS2_PLACEMENT_3D ( 'NONE', #1239, #1043, #1253 ) ;
#200 = CARTESIAN_POINT ( 'NONE',  ( 65.64314829017985176, 12.91131774637256235, 8.479794717340901400 ) ) ;
#201 = PRODUCT_DEFINITION_CONTEXT ( 'detailed design', #494, 'design' ) ;
#202 = CARTESIAN_POINT ( 'NONE',  ( 74.99999999999972999, 12.50000000000000000, 7.000000000000000000 ) ) ;
#203 = ORIENTED_EDGE ( 'NONE', *, *, #785, .F. ) ;
#204 = CARTESIAN_POINT ( 'NONE',  ( 71.60582174774310715, -10.56695509354303120, 9.803917135604482525 ) ) ;
#205 = EDGE_CURVE ( 'NONE', #812, #402, #1248, .T. ) ;
#206 = CARTESIAN_POINT ( 'NONE',  ( 67.57938206219625954, -11.29611692762501107, 9.659399448008304745 ) ) ;
#207 = CARTESIAN_POINT ( 'NONE',  ( 170.0000000000000000, 0.000000000000000000, 0.000000000000000000 ) ) ;
#208 = DIRECTION ( 'NONE',  ( 0.9844275755084820334, -0.1757906384836575020, 0.000000000000000000 ) ) ;
#209 = CARTESIAN_POINT ( 'NONE',  ( 72.04860747480599059, -10.81934671691384331, 0.3047689745153017715 ) ) ;
#210 = VERTEX_POINT ( 'NONE', #1044 ) ;
#211 = CARTESIAN_POINT ( 'NONE',  ( 71.69262070748575866, 12.79298439747274863, 3.000000000000000888 ) ) ;
#212 = ORIENTED_EDGE ( 'NONE', *, *, #917, .F. ) ;
#213 = CARTESIAN_POINT ( 'NONE',  ( 182.5000000000000284, 0.000000000000000000, 3.000000000000000000 ) ) ;
#214 = VECTOR ( 'NONE', #961, 1000.000000000000000 ) ;
#215 = VECTOR ( 'NONE', #71, 1000.000000000000000 ) ;
#216 = CARTESIAN_POINT ( 'NONE',  ( 74.87541189261298769, 12.43099499501123439, 7.750653653815207100 ) ) ;
#217 = ORIENTED_EDGE ( 'NONE', *, *, #241, .T. ) ;
#218 = CARTESIAN_POINT ( 'NONE',  ( 72.41866804552446979, -11.03052558833971908, 9.587677455058068787 ) ) ;
#219 = CARTESIAN_POINT ( 'NONE',  ( 67.94426026145279707, -10.99179476024998969, 9.769208282027356915 ) ) ;
#220 = VERTEX_POINT ( 'NONE', #959 ) ;
#221 = EDGE_CURVE ( 'NONE', #1119, #523, #87, .T. ) ;
#222 = CARTESIAN_POINT ( 'NONE',  ( 170.0000000000000000, -9.500000000000005329, 0.000000000000000000 ) ) ;
#223 = EDGE_LOOP ( 'NONE', ( #592, #1051, #829, #447 ) ) ;
#224 = CARTESIAN_POINT ( 'NONE',  ( 74.99999999999988631, -12.50000000000000000, 7.000000000000000000 ) ) ;
#225 = CYLINDRICAL_SURFACE ( 'NONE', #925, 2.999999999999999556 ) ;
#226 = EDGE_LOOP ( 'NONE', ( #777, #896, #1020, #873 ) ) ;
#227 = CARTESIAN_POINT ( 'NONE',  ( 69.33069675635830720, -9.836171688902656030, 2.755680521734828437E-16 ) ) ;
#228 = EDGE_LOOP ( 'NONE', ( #375, #539, #1185, #526 ) ) ;
#229 = CARTESIAN_POINT ( 'NONE',  ( -0.2573272383882745373, -21.99849500971335914, 0.000000000000000000 ) ) ;
#230 = B_SPLINE_CURVE_WITH_KNOTS ( 'NONE', 3,
 ( #248, #637, #253, #155, #143, #1114, #714, #56, #535, #1021, #830, #650, #163, #906, #49, #1214 ),
 .UNSPECIFIED., .F., .F.,
 ( 4, 2, 2, 2, 2, 2, 2, 4 ),
 ( -2.531240797880357680E-05, 0.001158588447522205384, 0.001750538875272713299, 0.002342489303023221649, 0.002934439730773729781, 0.003526390158524237480, 0.004118340586274744745, 0.004710291014025253312 ),
 .UNSPECIFIED. ) ;
#231 = CARTESIAN_POINT ( 'NONE',  ( 70.58656350774842281, 9.987295770112028848, 0.03334094636082160501 ) ) ;
#232 = VECTOR ( 'NONE', #952, 1000.000000000000114 ) ;
#233 = CARTESIAN_POINT ( 'NONE',  ( 75.00559367434435387, 12.50318682172784790, 2.213506692662622122 ) ) ;
#234 = DIRECTION ( 'NONE',  ( 0.000000000000000000, 0.000000000000000000, -1.000000000000000000 ) ) ;
#235 = CARTESIAN_POINT ( 'NONE',  ( 71.76684037620798051, 10.65860168672448083, 9.767248144336893034 ) ) ;
#236 = ORIENTED_EDGE ( 'NONE', *, *, #276, .F. ) ;
#237 = CARTESIAN_POINT ( 'NONE',  ( 74.99999999999972999, 12.50000000000000000, 7.000000000000000000 ) ) ;
#238 = PRODUCT_DEFINITION_SHAPE ( 'NONE', 'NONE',  #456 ) ;
#239 = CARTESIAN_POINT ( 'NONE',  ( 66.34331162357973710, 12.32484767372627132, 0.9437935253662552704 ) ) ;
#240 = CARTESIAN_POINT ( 'NONE',  ( 71.75309984156864118, 10.65076553041525820, 9.770512872713601027 ) ) ;
#241 = EDGE_CURVE ( 'NONE', #992, #477, #1059, .T. ) ;
#242 = EDGE_LOOP ( 'NONE', ( #313, #886, #198, #132 ) ) ;
#243 = LINE ( 'NONE', #622, #850 ) ;
#244 = EDGE_CURVE ( 'NONE', #812, #574, #389, .T. ) ;
#245 = DIRECTION ( 'NONE',  ( -0.000000000000000000, -0.000000000000000000, -1.000000000000000000 ) ) ;
#246 = CARTESIAN_POINT ( 'NONE',  ( 71.53289037394871741, 10.52518642902589896, 9.822508495113636329 ) ) ;
#247 = ORIENTED_EDGE ( 'NONE', *, *, #1222, .T. ) ;
#248 = CARTESIAN_POINT ( 'NONE',  ( -0.2573272383882745373, 21.99849500971335914, 10.00000000000000000 ) ) ;
#249 = CARTESIAN_POINT ( 'NONE',  ( 73.25987846669666226, 11.50878218688918686, 0.7710208379597933703 ) ) ;
#250 = CYLINDRICAL_SURFACE ( 'NONE', #547, 2.999999999999999112 ) ;
#251 = CARTESIAN_POINT ( 'NONE',  ( -0.2492611597449527483, -22.09600457342398272, -4.235164736271487251E-19 ) ) ;
#252 = ORIENTED_EDGE ( 'NONE', *, *, #221, .F. ) ;
#253 = CARTESIAN_POINT ( 'NONE',  ( -0.1915616488352239466, 22.78738619572787982, 9.920763250065570915 ) ) ;
#254 = CARTESIAN_POINT ( 'NONE',  ( 65.92816381128076841, 12.67211950981586632, 1.270885715548038197 ) ) ;
#255 = AXIS2_PLACEMENT_3D ( 'NONE', #1056, #778, #874 ) ;
#256 =( LENGTH_UNIT ( ) NAMED_UNIT ( * ) SI_UNIT ( .MILLI., .METRE. ) );
#257 = CARTESIAN_POINT ( 'NONE',  ( 170.0000000000000000, 0.000000000000000000, 7.000000000000000000 ) ) ;
#258 = ADVANCED_FACE ( 'NONE', ( #462 ), #379, .T. ) ;
#259 = FACE_OUTER_BOUND ( 'NONE', #585, .T. ) ;
#260 = CARTESIAN_POINT ( 'NONE',  ( -0.1921918793127248837, 22.77881870527880892, 0.09637318141874419430 ) ) ;
#261 = CARTESIAN_POINT ( 'NONE',  ( 67.23455406544312041, 11.58353655080415656, 0.4677736843092999974 ) ) ;
#262 = CARTESIAN_POINT ( 'NONE',  ( 170.0000000000000000, 0.000000000000000000, 3.000000000000000000 ) ) ;
#263 = CARTESIAN_POINT ( 'NONE',  ( 74.43385756432239475, -12.17745798129854506, 1.434817294179266067 ) ) ;
#264 = EDGE_CURVE ( 'NONE', #1113, #402, #544, .T. ) ;
#265 = CARTESIAN_POINT ( 'NONE',  ( 0.000000000000000000, 0.000000000000000000, 3.000000000000000000 ) ) ;
#266 = CARTESIAN_POINT ( 'NONE',  ( 67.68785119662273075, 11.20564457934383995, 0.3047689745481469981 ) ) ;
#267 = CYLINDRICAL_SURFACE ( 'NONE', #131, 12.50000000000000000 ) ;
#268 = CARTESIAN_POINT ( 'NONE',  ( 66.45374362556476910, -12.23278998789419347, 0.8709329716675511257 ) ) ;
#269 = CARTESIAN_POINT ( 'NONE',  ( 170.0000000000000000, 12.50000000000000355, 3.000000000000000000 ) ) ;
#270 = B_SPLINE_CURVE_WITH_KNOTS ( 'NONE', 3,
 ( #448, #737, #730, #823 ),
 .UNSPECIFIED., .F., .F.,
 ( 4, 4 ),
 ( 0.000000000000000000, 1.000000000000000000 ),
 .UNSPECIFIED. ) ;
#271 = CARTESIAN_POINT ( 'NONE',  ( 12.50000000000000000, 0.000000000000000000, 0.000000000000000000 ) ) ;
#272 = AXIS2_PLACEMENT_3D ( 'NONE', #364, #664, #950 ) ;
#273 = EDGE_LOOP ( 'NONE', ( #859, #39, #798, #999 ) ) ;
#274 = AXIS2_PLACEMENT_3D ( 'NONE', #725, #912, #1127 ) ;
#275 = CARTESIAN_POINT ( 'NONE',  ( 65.07786212245777335, -13.37895319241825476, 7.000000000000000000 ) ) ;
#276 = EDGE_CURVE ( 'NONE', #1085, #477, #59, .T. ) ;
#277 = DIRECTION ( 'NONE',  ( 1.000000000000000000, 0.000000000000000000, 0.000000000000000000 ) ) ;
#278 = CARTESIAN_POINT ( 'NONE',  ( 66.34331162358073186, -12.32484767373179579, 9.056206474627829905 ) ) ;
#279 = ADVANCED_FACE ( 'NONE', ( #601 ), #499, .T. ) ;
#280 = VERTEX_POINT ( 'NONE', #1102 ) ;
#281 = CARTESIAN_POINT ( 'NONE',  ( 65.07786212245781599, 13.37895319241824765, 10.00000000000000000 ) ) ;
#282 = DIRECTION ( 'NONE',  ( 0.000000000000000000, 0.000000000000000000, 1.000000000000000000 ) ) ;
#283 = CARTESIAN_POINT ( 'NONE',  ( 71.11473855276913980, -10.28649330733738587, 10.00318682172784968 ) ) ;
#284 = CARTESIAN_POINT ( 'NONE',  ( 12.50000000000000000, 0.000000000000000000, 0.000000000000000000 ) ) ;
#285 = ORIENTED_EDGE ( 'NONE', *, *, #770, .T. ) ;
#286 = B_SPLINE_CURVE_WITH_KNOTS ( 'NONE', 3,
 ( #1010, #611, #604, #24, #117, #996, #712, #989, #140, #509, #893, #1194, #617, #840, #260, #564, #763, #460, #846, #363 ),
 .UNSPECIFIED., .F., .F.,
 ( 4, 2, 2, 2, 2, 2, 2, 2, 2, 4 ),
 ( 0.000000000000000000, 0.0005870505372804840855, 0.001174101074560968171, 0.001761151611841452365, 0.002348202149121936342, 0.002935252686402420319, 0.003522303223682904730, 0.004109353760963388273, 0.004402879029603630479, 0.004696404298243872684 ),
 .UNSPECIFIED. ) ;
#287 = LINE ( 'NONE', #887, #474 ) ;
#288 = AXIS2_PLACEMENT_3D ( 'NONE', #758, #866, #853 ) ;
#289 = CARTESIAN_POINT ( 'NONE',  ( 72.17129167358056918, -10.88934233291929310, 0.3406005519213377020 ) ) ;
#290 = EDGE_LOOP ( 'NONE', ( #1079, #677, #346, #695 ) ) ;
#291 = CARTESIAN_POINT ( 'NONE',  ( -0.02691016434641082741, -24.69533940481965217, 8.331839258776531310 ) ) ;
#292 = DIRECTION ( 'NONE',  ( 1.000000000000000000, 0.000000000000000000, 0.000000000000000000 ) ) ;
#293 = ORIENTED_EDGE ( 'NONE', *, *, #785, .T. ) ;
#294 = CARTESIAN_POINT ( 'NONE',  ( 68.16063266884486893, 10.81184872013261966, 9.823397156335396119 ) ) ;
#295 = EDGE_CURVE ( 'NONE', #589, #812, #986, .T. ) ;
#296 = CARTESIAN_POINT ( 'NONE',  ( 74.48983589628181790, -12.21202379591409226, 1.702510087674105943 ) ) ;
#297 = ORIENTED_EDGE ( 'NONE', *, *, #166, .T. ) ;
#298 = CARTESIAN_POINT ( 'NONE',  ( 75.00262495690287778, -12.50000000000000355, 7.369079590459096885 ) ) ;
#299 = CARTESIAN_POINT ( 'NONE',  ( 67.23455406532723089, -11.58353655089355883, 9.532226315647660542 ) ) ;
#300 = CARTESIAN_POINT ( 'NONE',  ( 170.0000000000000000, 0.000000000000000000, 0.000000000000000000 ) ) ;
#301 = LINE ( 'NONE', #1187, #214 ) ;
#302 = CARTESIAN_POINT ( 'NONE',  ( 71.78602815223293021, -10.66954494792538100, 0.2373481886026009569 ) ) ;
#303 = ORIENTED_EDGE ( 'NONE', *, *, #507, .T. ) ;
#304 = CARTESIAN_POINT ( 'NONE',  ( 72.98028177327776689, -11.34996568909797077, 9.363528326399315205 ) ) ;
#305 = DIRECTION ( 'NONE',  ( 3.469446951953614189E-17, -1.000000000000000000, 0.000000000000000000 ) ) ;
#306 = DIRECTION ( 'NONE',  ( -1.000000000000000000, 0.000000000000000000, 0.000000000000000000 ) ) ;
#307 = CARTESIAN_POINT ( 'NONE',  ( 170.0000000000000000, 0.000000000000000000, 0.000000000000000000 ) ) ;
#308 = CARTESIAN_POINT ( 'NONE',  ( 0.000000000000000000, 0.000000000000000000, 3.000000000000000000 ) ) ;
#309 = VERTEX_POINT ( 'NONE', #506 ) ;
#310 = PLANE ( 'NONE',  #1116 ) ;
#311 = CIRCLE ( 'NONE', #1024, 22.00000000000000355 ) ;
#312 = CARTESIAN_POINT ( 'NONE',  ( 0.000000000000000000, 0.000000000000000000, 10.00000000000000000 ) ) ;
#313 = ORIENTED_EDGE ( 'NONE', *, *, #576, .F. ) ;
#314 = CIRCLE ( 'NONE', #255, 25.00000000000000000 ) ;
#315 = AXIS2_PLACEMENT_3D ( 'NONE', #394, #115, #305 ) ;
#316 = CLOSED_SHELL ( 'NONE', ( #551, #979, #1050, #483, #1131, #1091, #149, #646, #34, #357, #530, #348, #879, #954, #137, #258, #844, #279, #1039, #108, #410, #1178, #732, #73, #320, #449, #53, #1032, #168, #479, #38, #1071, #77 ) ) ;
#317 = CARTESIAN_POINT ( 'NONE',  ( 70.58664216422826598, -9.987340084111286487, 0.03334822560402563724 ) ) ;
#318 = EDGE_LOOP ( 'NONE', ( #135, #1013, #192 ) ) ;
#319 = CARTESIAN_POINT ( 'NONE',  ( 69.73424481600653735, -9.500000000000000000, 10.00000000000000000 ) ) ;
#320 = ADVANCED_FACE ( 'NONE', ( #326 ), #225, .T. ) ;
#321 = EDGE_LOOP ( 'NONE', ( #147, #481, #759, #42 ) ) ;
#322 = CARTESIAN_POINT ( 'NONE',  ( 170.0000000000000000, 0.000000000000000000, 10.00000000000000000 ) ) ;
#323 = CARTESIAN_POINT ( 'NONE',  ( -0.01360685878704888559, -24.84621681971840346, 2.031619122688165024 ) ) ;
#324 = EDGE_LOOP ( 'NONE', ( #683, #691 ) ) ;
#325 = DIRECTION ( 'NONE',  ( -0.000000000000000000, -0.000000000000000000, -1.000000000000000000 ) ) ;
#326 = FACE_OUTER_BOUND ( 'NONE', #933, .T. ) ;
#327 = EDGE_LOOP ( 'NONE', ( #62, #1236, #1147, #582 ) ) ;
#328 = CARTESIAN_POINT ( 'NONE',  ( 72.98880079863701553, 11.35492353936429488, 9.365975877115122472 ) ) ;
#329 = ORIENTED_EDGE ( 'NONE', *, *, #92, .F. ) ;
#330 = DIRECTION ( 'NONE',  ( 1.000000000000000000, 0.000000000000000000, 0.000000000000000000 ) ) ;
#331 = CARTESIAN_POINT ( 'NONE',  ( 74.99999999999972999, 12.50000000000000000, 3.000000000000000000 ) ) ;
#332 = DIRECTION ( 'NONE',  ( 1.000000000000000000, 0.000000000000000000, 0.000000000000000000 ) ) ;
#333 = B_SPLINE_CURVE_WITH_KNOTS ( 'NONE', 3,
 ( #656, #211, #1066, #901 ),
 .UNSPECIFIED., .F., .F.,
 ( 4, 4 ),
 ( 0.000000000000000000, 1.000000000000000000 ),
 .UNSPECIFIED. ) ;
#334 = CARTESIAN_POINT ( 'NONE',  ( 73.24010481671500372, 11.49735157957979226, 9.245289107539489848 ) ) ;
#335 = EDGE_CURVE ( 'NONE', #876, #780, #1243, .T. ) ;
#336 = VERTEX_POINT ( 'NONE', #594 ) ;
#337 = CARTESIAN_POINT ( 'NONE',  ( 0.000000000000000000, -25.00000000000000000, 10.00000000000000000 ) ) ;
#338 = CIRCLE ( 'NONE', #274, 12.50000000000000000 ) ;
#339 = CARTESIAN_POINT ( 'NONE',  ( -0.2573272383882745373, 21.99849500971335914, 10.00000000000000000 ) ) ;
#340 = CARTESIAN_POINT ( 'NONE',  ( 73.47381200803830836, 11.63050320503617385, 9.112107558109798333 ) ) ;
#341 = ORIENTED_EDGE ( 'NONE', *, *, #445, .T. ) ;
#342 = DIRECTION ( 'NONE',  ( 0.000000000000000000, 0.000000000000000000, -1.000000000000000000 ) ) ;
#343 = CARTESIAN_POINT ( 'NONE',  ( 73.44962216646787567, 11.61672062971464214, 0.8740799425953523771 ) ) ;
#344 = CARTESIAN_POINT ( 'NONE',  ( -12.50000000000000000, 1.530808498934191521E-15, 0.000000000000000000 ) ) ;
#345 = CARTESIAN_POINT ( 'NONE',  ( -0.2410006562866509328, -22.19554754923315798, 0.004853601683762708702 ) ) ;
#346 = ORIENTED_EDGE ( 'NONE', *, *, #1063, .F. ) ;
#347 = CARTESIAN_POINT ( 'NONE',  ( -25.00000000000000000, 0.000000000000000000, 7.000000000000000000 ) ) ;
#348 = ADVANCED_FACE ( 'NONE', ( #885, #978, #37 ), #1183, .T. ) ;
#349 = DIRECTION ( 'NONE',  ( -3.469446951953614189E-17, 1.000000000000000000, 0.000000000000000000 ) ) ;
#350 = EDGE_CURVE ( 'NONE', #724, #109, #1096, .T. ) ;
#351 = FILL_AREA_STYLE_COLOUR ( '', #651 ) ;
#352 = EDGE_CURVE ( 'NONE', #667, #736, #437, .T. ) ;
#353 = CIRCLE ( 'NONE', #52, 12.50000000000000000 ) ;
#354 = CARTESIAN_POINT ( 'NONE',  ( 66.69721867199777421, -12.03032505084919990, 0.7257637846594217068 ) ) ;
#355 = CARTESIAN_POINT ( 'NONE',  ( 66.24809468493153020, 12.40434160009575137, 1.010301890306978922 ) ) ;
#356 = SURFACE_STYLE_FILL_AREA ( #57 ) ;
#357 = ADVANCED_FACE ( 'NONE', ( #721 ), #1028, .T. ) ;
#358 = CARTESIAN_POINT ( 'NONE',  ( 66.98257157868107470, -11.79321354426321911, 0.5785675279918297553 ) ) ;
#359 = CARTESIAN_POINT ( 'NONE',  ( 170.0000000000000000, 12.50000000000000355, 7.000000000000000000 ) ) ;
#360 = CARTESIAN_POINT ( 'NONE',  ( 72.48153446503062014, -11.06518270582074059, 9.677457981298532630 ) ) ;
#361 = DIRECTION ( 'NONE',  ( -1.000000000000000000, -0.000000000000000000, -0.000000000000000000 ) ) ;
#362 = CARTESIAN_POINT ( 'NONE',  ( 67.96441950784155495, -10.97498863718394979, 0.2254093903569330815 ) ) ;
#363 = CARTESIAN_POINT ( 'NONE',  ( -0.2573272383882729275, 21.99849500971335914, 0.000000000000000000 ) ) ;
#364 = CARTESIAN_POINT ( 'NONE',  ( 70.00000000000000000, -9.500000000000001776, 3.000000000000000000 ) ) ;
#365 = FACE_OUTER_BOUND ( 'NONE', #616, .T. ) ;
#366 = CIRCLE ( 'NONE', #436, 12.50000000000000000 ) ;
#367 = ORIENTED_EDGE ( 'NONE', *, *, #14, .T. ) ;
#368 = CARTESIAN_POINT ( 'NONE',  ( 69.73424481600672209, -9.499999999999969802, 0.000000000000000000 ) ) ;
#369 = EDGE_CURVE ( 'NONE', #523, #724, #810, .T. ) ;
#370 = LINE ( 'NONE', #1150, #1138 ) ;
#371 = AXIS2_PLACEMENT_3D ( 'NONE', #161, #550, #1133 ) ;
#372 = DIRECTION ( 'NONE',  ( -0.000000000000000000, -0.000000000000000000, 1.000000000000000000 ) ) ;
#373 = AXIS2_PLACEMENT_3D ( 'NONE', #615, #130, #522 ) ;
#374 = AXIS2_PLACEMENT_3D ( 'NONE', #262, #923, #740 ) ;
#375 = ORIENTED_EDGE ( 'NONE', *, *, #1155, .F. ) ;
#376 = CARTESIAN_POINT ( 'NONE',  ( 65.57848848039917300, -12.96191139470790787, 1.434817294179242309 ) ) ;
#377 = DIRECTION ( 'NONE',  ( 1.000000000000000000, 0.000000000000000000, 0.000000000000000000 ) ) ;
#378 = CYLINDRICAL_SURFACE ( 'NONE', #908, 6.250000000000005329 ) ;
#379 = CYLINDRICAL_SURFACE ( 'NONE', #158, 2.999999999999999556 ) ;
#380 = ORIENTED_EDGE ( 'NONE', *, *, #630, .F. ) ;
#381 = CARTESIAN_POINT ( 'NONE',  ( 66.44882456978207586, 12.23688671418433849, 9.125920057404355745 ) ) ;
#382 = CARTESIAN_POINT ( 'NONE',  ( 70.19065692762639230, -9.760026584414969619, -4.828087799349505770E-17 ) ) ;
#383 = ORIENTED_EDGE ( 'NONE', *, *, #1245, .T. ) ;
#384 = FACE_OUTER_BOUND ( 'NONE', #96, .T. ) ;
#385 = DIRECTION ( 'NONE',  ( 1.000000000000000000, 0.000000000000000000, 0.000000000000000000 ) ) ;
#386 = EDGE_CURVE ( 'NONE', #1006, #1213, #946, .T. ) ;
#387 = ORIENTED_EDGE ( 'NONE', *, *, #45, .F. ) ;
#388 = CYLINDRICAL_SURFACE ( 'NONE', #579, 25.00000000000000000 ) ;
#389 = CIRCLE ( 'NONE', #842, 12.50000000000001066 ) ;
#390 = DIRECTION ( 'NONE',  ( 0.000000000000000000, 0.000000000000000000, 1.000000000000000000 ) ) ;
#391 = ORIENTED_EDGE ( 'NONE', *, *, #1182, .F. ) ;
#392 = CARTESIAN_POINT ( 'NONE',  ( 72.84619330281601890, -11.27378425426793207, 9.421432471968971711 ) ) ;
#393 = B_SPLINE_CURVE_WITH_KNOTS ( 'NONE', 3,
 ( #319, #33, #489, #586, #877, #129, #984, #204, #12, #1074, #122, #400, #1170, #406, #614, #803, #218, #392, #304, #1190, #106, #498, #708, #1080, #681, #1175, #884, #505, #702, #298, #224 ),
 .UNSPECIFIED., .F., .F.,
 ( 4, 2, 2, 2, 1, 1, 1, 1, 2, 2, 2, 2, 1, 1, 1, 2, 2, 2, 4 ),
 ( 0.000000000000000000, 0.1250000000000870137, 0.1875000000001284806, 0.2187500000001516565, 0.2343750000001658951, 0.2421875000001730283, 0.2460937500001796341, 0.2480468750001802725, 0.2490234375001806055, 0.2500000000001809108, 0.3750000000001884048, 0.4375000000001942335, 0.4687500000001950662, 0.4843750000001979528, 0.4921875000002016165, 0.4960937500002036149, 0.5000000000002056133, 0.7500000000001029177, 1.000000000000000000 ),
 .UNSPECIFIED. ) ;
#394 = CARTESIAN_POINT ( 'NONE',  ( -3.295974604355933479E-16, 9.500000000000000000, 3.000000000000000000 ) ) ;
#395 = ORIENTED_EDGE ( 'NONE', *, *, #528, .F. ) ;
#396 = EDGE_CURVE ( 'NONE', #162, #1152, #169, .T. ) ;
#397 = CARTESIAN_POINT ( 'NONE',  ( 66.52752690793106183, 12.17137520417550611, 9.175371758322953042 ) ) ;
#398 = CARTESIAN_POINT ( 'NONE',  ( 74.87541189261268926, -12.43099499502605987, 2.249346346242672823 ) ) ;
#399 = ORIENTED_EDGE ( 'NONE', *, *, #1016, .F. ) ;
#400 = CARTESIAN_POINT ( 'NONE',  ( 71.73579884749401003, -10.64090076708403210, 9.774590609640874561 ) ) ;
#401 = ADVANCED_BREP_SHAPE_REPRESENTATION ( 'bikecrankAP214', ( #110, #1216 ), #510 ) ;
#402 = VERTEX_POINT ( 'NONE', #269 ) ;
#403 = DIRECTION ( 'NONE',  ( -0.9844275755084819224, -0.1757906384836574742, -0.000000000000000000 ) ) ;
#404 = CYLINDRICAL_SURFACE ( 'NONE', #414, 6.250000000000005329 ) ;
#405 = ORIENTED_EDGE ( 'NONE', *, *, #264, .F. ) ;
#406 = CARTESIAN_POINT ( 'NONE',  ( 71.74423572005321148, -10.64571068946847099, 9.772606733104311161 ) ) ;
#407 = CARTESIAN_POINT ( 'NONE',  ( 67.36802289995284809, -11.47234619936698152, 9.585156499047041478 ) ) ;
#408 = ORIENTED_EDGE ( 'NONE', *, *, #445, .F. ) ;
#409 = CARTESIAN_POINT ( 'NONE',  ( 67.95642343870646584, 10.98165364646611586, 9.772464197298178945 ) ) ;
#410 = ADVANCED_FACE ( 'NONE', ( #852 ), #557, .T. ) ;
#411 = CARTESIAN_POINT ( 'NONE',  ( 0.000000000000000000, 0.000000000000000000, 0.000000000000000000 ) ) ;
#412 = EDGE_LOOP ( 'NONE', ( #399, #905, #1068 ) ) ;
#413 = CARTESIAN_POINT ( 'NONE',  ( -0.1306329166377839246, -23.50233014142609989, 9.603991761338990685 ) ) ;
#414 = AXIS2_PLACEMENT_3D ( 'NONE', #701, #793, #706 ) ;
#415 = EDGE_CURVE ( 'NONE', #220, #787, #1048, .T. ) ;
#416 = ORIENTED_EDGE ( 'NONE', *, *, #396, .T. ) ;
#417 = AXIS2_PLACEMENT_3D ( 'NONE', #281, #467, #939 ) ;
#418 = AXIS2_PLACEMENT_3D ( 'NONE', #207, #423, #46 ) ;
#419 = CARTESIAN_POINT ( 'NONE',  ( 73.56895473352214765, 11.68476363566863974, 9.056206474640427828 ) ) ;
#420 = ORIENTED_EDGE ( 'NONE', *, *, #935, .T. ) ;
#421 = CARTESIAN_POINT ( 'NONE',  ( -0.1023984274655984072, -23.83023909155189912, 9.385012008825931673 ) ) ;
#422 = CARTESIAN_POINT ( 'NONE',  ( 66.85644835358451132, -11.89815835710478531, 9.365975876918662735 ) ) ;
#423 = DIRECTION ( 'NONE',  ( 0.000000000000000000, 0.000000000000000000, 1.000000000000000000 ) ) ;
#424 = CARTESIAN_POINT ( 'NONE',  ( 68.07937359194062310, -10.87934571964066421, 0.1960828643741606425 ) ) ;
#425 = ORIENTED_EDGE ( 'NONE', *, *, #697, .T. ) ;
#426 = CARTESIAN_POINT ( 'NONE',  ( 74.99999999999988631, -12.50000000000000000, 3.000000000000000000 ) ) ;
#427 = CARTESIAN_POINT ( 'NONE',  ( 65.52945821340868804, 13.00577940250432185, 1.702510087679543593 ) ) ;
#428 = ORIENTED_EDGE ( 'NONE', *, *, #415, .T. ) ;
#429 = B_SPLINE_SURFACE_WITH_KNOTS ( 'NONE', 1, 3, ( 
 ( #1246, #572, #1053, #184, #86, #473 ),
 ( #871, #865, #174, #360, #283, #1162 ) ),
 .UNSPECIFIED., .F., .F., .F.,
 ( 2, 2 ),
 ( 4, 2, 4 ),
 ( 0.000000000000000000, 1.000000000000000000 ),
 ( 3.141592653589793116, 3.926990816987241395, 4.712388980384689674 ),
 .UNSPECIFIED. ) ;
#430 = EDGE_CURVE ( 'NONE', #210, #988, #985, .T. ) ;
#431 = APPLICATION_CONTEXT ( 'automotive_design' ) ;
#432 = DIRECTION ( 'NONE',  ( 1.000000000000000000, 0.000000000000000000, 0.000000000000000000 ) ) ;
#433 = CARTESIAN_POINT ( 'NONE',  ( 170.0000000000000000, 0.000000000000000000, 3.000000000000000000 ) ) ;
#434 = ORIENTED_EDGE ( 'NONE', *, *, #92, .T. ) ;
#435 = LINE ( 'NONE', #1108, #1017 ) ;
#436 = AXIS2_PLACEMENT_3D ( 'NONE', #179, #864, #377 ) ;
#437 = LINE ( 'NONE', #731, #476 ) ;
#438 = CARTESIAN_POINT ( 'NONE',  ( 170.0000000000000000, -9.500000000000005329, 10.00000000000000000 ) ) ;
#439 = CARTESIAN_POINT ( 'NONE',  ( -0.001729058337695165348, -24.98049229546475303, 2.606327322510183730 ) ) ;
#440 = ORIENTED_EDGE ( 'NONE', *, *, #917, .T. ) ;
#441 = DIRECTION ( 'NONE',  ( -0.000000000000000000, -0.000000000000000000, -1.000000000000000000 ) ) ;
#442 = CARTESIAN_POINT ( 'NONE',  ( 73.16878455608004117, 11.45704099017104305, 0.7257637847130238296 ) ) ;
#443 = VECTOR ( 'NONE', #136, 1000.000000000000114 ) ;
#444 = PRESENTATION_STYLE_ASSIGNMENT (( #843 ) ) ;
#445 = EDGE_CURVE ( 'NONE', #780, #1055, #370, .T. ) ;
#446 = CARTESIAN_POINT ( 'NONE',  ( 71.74927236528826313, 10.64858280582102523, 9.771418158639416873 ) ) ;
#447 = ORIENTED_EDGE ( 'NONE', *, *, #396, .F. ) ;
#448 = CARTESIAN_POINT ( 'NONE',  ( 65.07786212245777335, -13.37895319241825476, 3.000000000000000000 ) ) ;
#449 = ADVANCED_FACE ( 'NONE', ( #384 ), #633, .T. ) ;
#450 = CARTESIAN_POINT ( 'NONE',  ( 71.65033561559924635, 10.59224574712742495, 0.2058034334644574803 ) ) ;
#451 = DIRECTION ( 'NONE',  ( -1.000000000000000000, 3.469446951953614189E-17, 0.000000000000000000 ) ) ;
#452 = DIRECTION ( 'NONE',  ( 0.000000000000000000, 0.000000000000000000, -1.000000000000000000 ) ) ;
#453 = ORIENTED_EDGE ( 'NONE', *, *, #276, .T. ) ;
#454 = CARTESIAN_POINT ( 'NONE',  ( -25.00000000000000000, 0.000000000000000000, 3.000000000000000000 ) ) ;
#455 = CARTESIAN_POINT ( 'NONE',  ( 71.74086539490527059, 10.64378912493060447, 0.2266000075524357282 ) ) ;
#456 = PRODUCT_DEFINITION ( 'UNKNOWN', '', #121, #201 ) ;
#457 =( NAMED_UNIT ( * ) PLANE_ANGLE_UNIT ( ) SI_UNIT ( $, .RADIAN. ) );
#458 = VECTOR ( 'NONE', #372, 1000.000000000000000 ) ;
#459 = CARTESIAN_POINT ( 'NONE',  ( 179.5000000000000284, 0.000000000000000000, 7.000000000000000000 ) ) ;
#460 = CARTESIAN_POINT ( 'NONE',  ( -0.2410006562866293112, 22.19554754923315087, 0.004853601683763424275 ) ) ;
#461 = DIRECTION ( 'NONE',  ( -0.000000000000000000, -0.000000000000000000, -1.000000000000000000 ) ) ;
#462 = FACE_OUTER_BOUND ( 'NONE', #1193, .T. ) ;
#463 = DIRECTION ( 'NONE',  ( -0.1757906384836575298, 0.9844275755084819224, 0.000000000000000000 ) ) ;
#464 = CARTESIAN_POINT ( 'NONE',  ( 68.38734312123351344, 10.62398989890063561, 0.1221326008830471849 ) ) ;
#465 = CARTESIAN_POINT ( 'NONE',  ( 65.92816381128494641, -12.67211950983780255, 8.729114284420576908 ) ) ;
#466 = EDGE_CURVE ( 'NONE', #920, #667, #578, .T. ) ;
#467 = DIRECTION ( 'NONE',  ( 0.08823951635043707220, 0.9960992860926268788, -0.000000000000000000 ) ) ;
#468 = CARTESIAN_POINT ( 'NONE',  ( 67.94426026145518449, 10.99179476024800017, 0.2307917179720050116 ) ) ;
#469 = DIRECTION ( 'NONE',  ( -0.9844275755084820334, 0.1757906384836575020, 0.000000000000000000 ) ) ;
#470 = VECTOR ( 'NONE', #173, 1000.000000000000000 ) ;
#471 = EDGE_LOOP ( 'NONE', ( #492, #514, #1161, #405 ) ) ;
#472 = CARTESIAN_POINT ( 'NONE',  ( 65.07291576861086924, -13.38307370318989697, 2.213506692662617237 ) ) ;
#473 = CARTESIAN_POINT ( 'NONE',  ( 69.73424481600656577, -9.499999999999991118, 10.00000000000000178 ) ) ;
#474 = VECTOR ( 'NONE', #1177, 1000.000000000000000 ) ;
#475 = CARTESIAN_POINT ( 'NONE',  ( 65.07786212245783020, 13.37895319241824588, 3.000000000000000000 ) ) ;
#476 = VECTOR ( 'NONE', #644, 1000.000000000000114 ) ;
#477 = VERTEX_POINT ( 'NONE', #775 ) ;
#478 = CARTESIAN_POINT ( 'NONE',  ( 67.97494142304174147, 10.96622083038480078, 9.777373691213167461 ) ) ;
#479 = ADVANCED_FACE ( 'NONE', ( #1058 ), #429, .T. ) ;
#480 = CARTESIAN_POINT ( 'NONE',  ( 72.41033891734900863, -11.02567232550773291, 0.4148435008474470331 ) ) ;
#481 = ORIENTED_EDGE ( 'NONE', *, *, #18, .F. ) ;
#482 = DIRECTION ( 'NONE',  ( 0.000000000000000000, 0.000000000000000000, 1.000000000000000000 ) ) ;
#483 = ADVANCED_FACE ( 'NONE', ( #752 ), #378, .F. ) ;
#484 = CARTESIAN_POINT ( 'NONE',  ( 65.07786212245777335, -13.37895319241825476, 7.000000000000000000 ) ) ;
#485 = ORIENTED_EDGE ( 'NONE', *, *, #512, .F. ) ;
#486 = DIRECTION ( 'NONE',  ( -0.000000000000000000, -0.000000000000000000, -1.000000000000000000 ) ) ;
#487 = CARTESIAN_POINT ( 'NONE',  ( 73.48983290539892721, -11.63963494513363628, 0.8971437174031707817 ) ) ;
#488 = ORIENTED_EDGE ( 'NONE', *, *, #971, .T. ) ;
#489 = CARTESIAN_POINT ( 'NONE',  ( 70.58656350776858801, -9.987295770123388650, 9.966659053637307863 ) ) ;
#490 = CARTESIAN_POINT ( 'NONE',  ( 71.24258006686849853, 10.36079798125631690, 0.1249722441079394730 ) ) ;
#491 = EDGE_CURVE ( 'NONE', #109, #523, #333, .T. ) ;
#492 = ORIENTED_EDGE ( 'NONE', *, *, #770, .F. ) ;
#493 = CARTESIAN_POINT ( 'NONE',  ( 68.03999877311477462, 10.91206765765019782, 9.794196566567560325 ) ) ;
#494 = APPLICATION_CONTEXT ( 'automotive_design' ) ;
#495 = UNCERTAINTY_MEASURE_WITH_UNIT (LENGTH_MEASURE( 1.000000000000000082E-05 ), #256, 'distance_accuracy_value', 'NONE');
#496 = FACE_BOUND ( 'NONE', #687, .T. ) ;
#497 = ORIENTED_EDGE ( 'NONE', *, *, #862, .T. ) ;
#498 = CARTESIAN_POINT ( 'NONE',  ( 73.36062910442650775, -11.56606442705899163, 9.175371758287964141 ) ) ;
#499 = CYLINDRICAL_SURFACE ( 'NONE', #315, 3.000000000000000000 ) ;
#500 = VECTOR ( 'NONE', #461, 1000.000000000000000 ) ;
#501 = ORIENTED_EDGE ( 'NONE', *, *, #804, .F. ) ;
#502 = DIRECTION ( 'NONE',  ( 1.000000000000000000, 0.000000000000000000, 0.000000000000000000 ) ) ;
#503 = AXIS2_PLACEMENT_3D ( 'NONE', #16, #1186, #1201 ) ;
#504 = DIRECTION ( 'NONE',  ( 0.000000000000000000, 0.000000000000000000, 1.000000000000000000 ) ) ;
#505 = CARTESIAN_POINT ( 'NONE',  ( 74.36131077480293072, -12.13901878797429212, 8.479794717346205601 ) ) ;
#506 = CARTESIAN_POINT ( 'NONE',  ( 0.000000000000000000, 25.00000000000000000, 3.000000000000000000 ) ) ;
#507 = EDGE_CURVE ( 'NONE', #992, #519, #747, .T. ) ;
#508 = ORIENTED_EDGE ( 'NONE', *, *, #507, .F. ) ;
#509 = CARTESIAN_POINT ( 'NONE',  ( -0.08932288894762106801, 23.98119727972697746, 0.7389237520415598004 ) ) ;
#510 =( GEOMETRIC_REPRESENTATION_CONTEXT ( 3 ) GLOBAL_UNCERTAINTY_ASSIGNED_CONTEXT ( ( #495 ) ) GLOBAL_UNIT_ASSIGNED_CONTEXT ( ( #256, #457, #653 ) ) REPRESENTATION_CONTEXT ( 'NONE', 'WORKASPACE' ) );
#511 = CARTESIAN_POINT ( 'NONE',  ( 66.86396317398977374, 11.89178014718532417, 9.363528326504660271 ) ) ;
#512 = EDGE_CURVE ( 'NONE', #477, #1076, #393, .T. ) ;
#513 = CARTESIAN_POINT ( 'NONE',  ( 74.32885112908371639, -12.11995962440145824, 1.524628720962869721 ) ) ;
#514 = ORIENTED_EDGE ( 'NONE', *, *, #430, .F. ) ;
#515 = FACE_OUTER_BOUND ( 'NONE', #105, .T. ) ;
#516 = CARTESIAN_POINT ( 'NONE',  ( 68.38734312123376924, -10.62398989890041001, 9.877867399117002734 ) ) ;
#517 = CARTESIAN_POINT ( 'NONE',  ( 65.07786212245783020, 13.37895319241824765, 3.000000000000000444 ) ) ;
#518 = CARTESIAN_POINT ( 'NONE',  ( 176.2500000000000284, 0.000000000000000000, 0.000000000000000000 ) ) ;
#519 = VERTEX_POINT ( 'NONE', #890 ) ;
#520 = DIRECTION ( 'NONE',  ( 0.000000000000000000, 0.000000000000000000, 1.000000000000000000 ) ) ;
#521 = VECTOR ( 'NONE', #1240, 1000.000000000000114 ) ;
#522 = DIRECTION ( 'NONE',  ( 1.000000000000000000, 0.000000000000000000, 0.000000000000000000 ) ) ;
#523 = VERTEX_POINT ( 'NONE', #593 ) ;
#524 = DIRECTION ( 'NONE',  ( 1.000000000000000000, 0.000000000000000000, 0.000000000000000000 ) ) ;
#525 = CARTESIAN_POINT ( 'NONE',  ( 68.40071822888904762, -10.61254448631729197, 0.1249722440683190411 ) ) ;
#526 = ORIENTED_EDGE ( 'NONE', *, *, #659, .F. ) ;
#527 = FACE_OUTER_BOUND ( 'NONE', #223, .T. ) ;
#528 = EDGE_CURVE ( 'NONE', #67, #889, #781, .T. ) ;
#529 = CARTESIAN_POINT ( 'NONE',  ( 66.39210354215008181, 12.28415456263251926, 0.9110589835134060843 ) ) ;
#530 = ADVANCED_FACE ( 'NONE', ( #515 ), #310, .T. ) ;
#531 = CYLINDRICAL_SURFACE ( 'NONE', #1191, 12.50000000000001066 ) ;
#532 = APPLICATION_PROTOCOL_DEFINITION ( 'draft international standard', 'automotive_design', 1998, #431 ) ;
#533 = CARTESIAN_POINT ( 'NONE',  ( 70.19065692761284936, 9.760026584407244243, 9.999999999999998224 ) ) ;
#534 = ORIENTED_EDGE ( 'NONE', *, *, #951, .F. ) ;
#535 = CARTESIAN_POINT ( 'NONE',  ( -0.05415233859454000181, 24.38496083847620710, 8.830344199338098221 ) ) ;
#536 = CARTESIAN_POINT ( 'NONE',  ( 71.60582174773554698, 10.56695509353900242, 0.1960828643939774851 ) ) ;
#537 = B_SPLINE_SURFACE_WITH_KNOTS ( 'NONE', 1, 3, ( 
 ( #517, #30, #1098, #698, #1199, #716 ),
 ( #1103, #233, #139, #909, #15, #1171 ) ),
 .UNSPECIFIED., .F., .F., .F.,
 ( 2, 2 ),
 ( 4, 2, 4 ),
 ( 0.000000000000000000, 1.000000000000000000 ),
 ( 3.141592653589793116, 3.926990816987241395, 4.712388980384689674 ),
 .UNSPECIFIED. ) ;
#538 = CARTESIAN_POINT ( 'NONE',  ( -0.08932288894762625830, -23.98119727972697746, 0.7389237520415599114 ) ) ;
#539 = ORIENTED_EDGE ( 'NONE', *, *, #350, .T. ) ;
#540 = LINE ( 'NONE', #337, #587 ) ;
#541 = AXIS2_PLACEMENT_3D ( 'NONE', #459, #1233, #452 ) ;
#542 = CARTESIAN_POINT ( 'NONE',  ( -0.1921918793127308511, -22.77881870527880892, 0.09637318141874447186 ) ) ;
#543 = AXIS2_PLACEMENT_3D ( 'NONE', #655, #167, #502 ) ;
#544 = CIRCLE ( 'NONE', #863, 12.50000000000001066 ) ;
#545 = ORIENTED_EDGE ( 'NONE', *, *, #602, .F. ) ;
#546 = FACE_OUTER_BOUND ( 'NONE', #1169, .T. ) ;
#547 = AXIS2_PLACEMENT_3D ( 'NONE', #51, #69, #733 ) ;
#548 = CARTESIAN_POINT ( 'NONE',  ( 65.07786212245783020, 13.37895319241824588, 3.000000000000000000 ) ) ;
#549 = CARTESIAN_POINT ( 'NONE',  ( 170.0000000000000000, -9.500000000000005329, 10.00000000000000000 ) ) ;
#550 = DIRECTION ( 'NONE',  ( -0.000000000000000000, -0.000000000000000000, -1.000000000000000000 ) ) ;
#551 = ADVANCED_FACE ( 'NONE', ( #795 ), #566, .T. ) ;
#552 = ORIENTED_EDGE ( 'NONE', *, *, #61, .T. ) ;
#553 = CARTESIAN_POINT ( 'NONE',  ( 66.17053241687456477, 12.46920569444520766, 1.069011481225983662 ) ) ;
#554 = DIRECTION ( 'NONE',  ( 0.000000000000000000, 0.000000000000000000, 1.000000000000000000 ) ) ;
#555 = CARTESIAN_POINT ( 'NONE',  ( 67.30488159479824617, 11.52375681782037198, 9.677457981298557499 ) ) ;
#556 = CARTESIAN_POINT ( 'NONE',  ( 69.73424481600672209, -9.500000000000001776, 6.938893903907228378E-15 ) ) ;
#557 = CYLINDRICAL_SURFACE ( 'NONE', #272, 3.000000000000000000 ) ;
#558 = AXIS2_PLACEMENT_3D ( 'NONE', #676, #82, #181 ) ;
#559 = CARTESIAN_POINT ( 'NONE',  ( 66.46588989212293086, -12.22267556971067393, 0.8631966797174324135 ) ) ;
#560 = CARTESIAN_POINT ( 'NONE',  ( 176.2500000000000284, 0.000000000000000000, 0.000000000000000000 ) ) ;
#561 = DIRECTION ( 'NONE',  ( -0.1757906384836575020, -0.9844275755084819224, 0.000000000000000000 ) ) ;
#562 = EDGE_CURVE ( 'NONE', #787, #280, #270, .T. ) ;
#563 = DIRECTION ( 'NONE',  ( -1.000000000000000000, 3.469446951953614189E-17, -0.000000000000000000 ) ) ;
#564 = CARTESIAN_POINT ( 'NONE',  ( -0.2165526421810478330, 22.48859029284345112, 0.03858542079363521532 ) ) ;
#565 = CARTESIAN_POINT ( 'NONE',  ( 69.33065038658082813, 9.836210316783480678, -4.316103440115697236E-16 ) ) ;
#566 = TOROIDAL_SURFACE ( 'NONE', #1070, 9.500000000000005329, 3.000000000000000000 ) ;
#567 = CIRCLE ( 'NONE', #78, 3.000000000000000000 ) ;
#568 = CARTESIAN_POINT ( 'NONE',  ( 170.0000000000000000, 12.50000000000000355, 10.00000000000000000 ) ) ;
#569 = B_SPLINE_CURVE_WITH_KNOTS ( 'NONE', 3,
 ( #202, #1179, #216, #991, #119, #773, #875, #3, #47, #419, #141, #899, #340, #1206, #334, #328, #627, #640, #927, #919, #1012, #904, #827, #235, #1005, #240, #446, #246, #54, #31, #533, #1025 ),
 .UNSPECIFIED., .F., .F.,
 ( 4, 2, 2, 2, 1, 1, 1, 2, 2, 2, 2, 1, 1, 1, 1, 1, 2, 2, 2, 4 ),
 ( 0.000000000000000000, 0.2499999999998621658, 0.3749999999997916111, 0.4374999999997563060, 0.4687499999997385980, 0.4843749999997299382, 0.4921874999997256084, 0.4960937499997232769, 0.4999999999997209454, 0.6249999999996989075, 0.6874999999996878053, 0.7187499999996821431, 0.7343749999996772582, 0.7421874999996729283, 0.7460937499996708189, 0.7480468749996697087, 0.7490234374996711519, 0.7499999999996725952, 0.8749999999998363531, 1.000000000000000000 ),
 .UNSPECIFIED. ) ;
#570 = ORIENTED_EDGE ( 'NONE', *, *, #221, .T. ) ;
#571 = CARTESIAN_POINT ( 'NONE',  ( 65.07786212245777335, -13.37895319241825476, 3.000000000000000000 ) ) ;
#572 = CARTESIAN_POINT ( 'NONE',  ( 65.07291576861072713, -13.38307370318992184, 7.786493307337368996 ) ) ;
#573 = DIRECTION ( 'NONE',  ( 1.000000000000000000, 0.000000000000000000, 0.000000000000000000 ) ) ;
#574 = VERTEX_POINT ( 'NONE', #1000 ) ;
#575 = CARTESIAN_POINT ( 'NONE',  ( 0.000000000000000000, 0.000000000000000000, 10.00000000000000000 ) ) ;
#576 = EDGE_CURVE ( 'NONE', #280, #1152, #435, .T. ) ;
#577 = DIRECTION ( 'NONE',  ( 0.000000000000000000, 0.000000000000000000, 1.000000000000000000 ) ) ;
#578 = LINE ( 'NONE', #957, #689 ) ;
#579 = AXIS2_PLACEMENT_3D ( 'NONE', #575, #486, #97 ) ;
#580 = DIRECTION ( 'NONE',  ( 0.000000000000000000, 0.000000000000000000, 1.000000000000000000 ) ) ;
#581 = AXIS2_PLACEMENT_3D ( 'NONE', #1215, #451, #837 ) ;
#582 = ORIENTED_EDGE ( 'NONE', *, *, #1166, .F. ) ;
#583 = CARTESIAN_POINT ( 'NONE',  ( 65.07786212245783020, 13.37895319241824588, 7.000000000000000000 ) ) ;
#584 = CARTESIAN_POINT ( 'NONE',  ( 73.24010481680942064, -11.49735157962171428, 0.7547108925024285098 ) ) ;
#585 = EDGE_LOOP ( 'NONE', ( #790, #1207, #1, #1026 ) ) ;
#586 = CARTESIAN_POINT ( 'NONE',  ( 71.08990105014453320, -10.27407715811712841, 9.900075055978451388 ) ) ;
#587 = VECTOR ( 'NONE', #441, 1000.000000000000000 ) ;
#588 = CARTESIAN_POINT ( 'NONE',  ( 170.0000000000000000, 0.000000000000000000, 3.000000000000000000 ) ) ;
#589 = VERTEX_POINT ( 'NONE', #836 ) ;
#590 = CARTESIAN_POINT ( 'NONE',  ( 170.0000000000000000, -12.50000000000000355, 3.000000000000000000 ) ) ;
#591 = CARTESIAN_POINT ( 'NONE',  ( 73.76442013770963513, -11.79650068495168114, 1.069011481224263482 ) ) ;
#592 = ORIENTED_EDGE ( 'NONE', *, *, #1063, .T. ) ;
#593 = CARTESIAN_POINT ( 'NONE',  ( 65.07786212245783020, 13.37895319241824588, 3.000000000000000000 ) ) ;
#594 = CARTESIAN_POINT ( 'NONE',  ( 163.7500000000000000, 7.654042494670955634E-16, 0.000000000000000000 ) ) ;
#595 = ORIENTED_EDGE ( 'NONE', *, *, #849, .T. ) ;
#596 = AXIS2_PLACEMENT_3D ( 'NONE', #433, #728, #821 ) ;
#597 = LINE ( 'NONE', #193, #89 ) ;
#598 = DIRECTION ( 'NONE',  ( 1.000000000000000000, 0.000000000000000000, 0.000000000000000000 ) ) ;
#599 = EDGE_LOOP ( 'NONE', ( #817, #774 ) ) ;
#600 = CARTESIAN_POINT ( 'NONE',  ( 0.000000000000000000, -25.00000000000000000, 7.000000000000000000 ) ) ;
#601 = FACE_OUTER_BOUND ( 'NONE', #228, .T. ) ;
#602 = EDGE_CURVE ( 'NONE', #519, #220, #540, .T. ) ;
#603 = ORIENTED_EDGE ( 'NONE', *, *, #369, .F. ) ;
#604 = CARTESIAN_POINT ( 'NONE',  ( -0.001729058337687278861, 24.98049229546475303, 2.606327322510183730 ) ) ;
#605 = DIRECTION ( 'NONE',  ( -0.000000000000000000, -0.000000000000000000, -1.000000000000000000 ) ) ;
#606 = CARTESIAN_POINT ( 'NONE',  ( 71.25775888739619290, -10.36971394194177876, 0.1221326008134988872 ) ) ;
#607 = ORIENTED_EDGE ( 'NONE', *, *, #1218, .T. ) ;
#608 = DIRECTION ( 'NONE',  ( -0.000000000000000000, -0.000000000000000000, 1.000000000000000000 ) ) ;
#609 = CARTESIAN_POINT ( 'NONE',  ( 67.95250623587317307, -10.98491956625389676, 9.771418158639908924 ) ) ;
#610 = CARTESIAN_POINT ( 'NONE',  ( 0.000000000000000000, 25.00000000000000000, 7.000000000000000000 ) ) ;
#611 = CARTESIAN_POINT ( 'NONE',  ( -2.382280164152718741E-19, 25.00000000000000000, 2.801494758863097623 ) ) ;
#612 = CARTESIAN_POINT ( 'NONE',  ( 69.73424481600652314, -9.500000000000001776, 0.000000000000000000 ) ) ;
#613 = EDGE_LOOP ( 'NONE', ( #387, #1196, #247, #1100 ) ) ;
#614 = CARTESIAN_POINT ( 'NONE',  ( 71.74484204467215420, -10.64605635190757837, 9.772464197298541322 ) ) ;
#615 = CARTESIAN_POINT ( 'NONE',  ( 170.0000000000000000, 0.000000000000000000, 10.00000000000000000 ) ) ;
#616 = EDGE_LOOP ( 'NONE', ( #428, #1176, #707, #1061 ) ) ;
#617 = CARTESIAN_POINT ( 'NONE',  ( -0.1455673938459900174, 23.32796391547820392, 0.3030867933170606210 ) ) ;
#618 = CARTESIAN_POINT ( 'NONE',  ( 74.99999999999988631, -12.50000000000000000, 7.000000000000000000 ) ) ;
#619 = CARTESIAN_POINT ( 'NONE',  ( 68.98086082752334391, -10.12953704034976354, 0.03334094633675025593 ) ) ;
#620 = EDGE_CURVE ( 'NONE', #8, #309, #243, .T. ) ;
#621 = ORIENTED_EDGE ( 'NONE', *, *, #244, .F. ) ;
#622 = CARTESIAN_POINT ( 'NONE',  ( 0.000000000000000000, 25.00000000000000000, 10.00000000000000000 ) ) ;
#623 = VECTOR ( 'NONE', #1163, 1000.000000000000000 ) ;
#624 = CARTESIAN_POINT ( 'NONE',  ( 71.08990105012432537, 10.27407715810601374, 0.09992494401858433017 ) ) ;
#625 = DIRECTION ( 'NONE',  ( -0.000000000000000000, -0.000000000000000000, -1.000000000000000000 ) ) ;
#626 = B_SPLINE_SURFACE_WITH_KNOTS ( 'NONE', 1, 3, ( 
 ( #171, #727, #1223, #1210, #1023, #645 ),
 ( #145, #150, #1029, #555, #654, #632 ) ),
 .UNSPECIFIED., .F., .F., .F.,
 ( 2, 2 ),
 ( 4, 2, 4 ),
 ( 0.000000000000000000, 1.000000000000000000 ),
 ( 0.000000000000000000, 0.7853981633974482790, 1.570796326794896558 ),
 .UNSPECIFIED. ) ;
#627 = CARTESIAN_POINT ( 'NONE',  ( 72.56127554134550905, 11.11166860193763384, 9.532226315818352447 ) ) ;
#628 = EDGE_LOOP ( 'NONE', ( #497, #595, #128, #1158 ) ) ;
#629 = CARTESIAN_POINT ( 'NONE',  ( 65.07786212245783020, 13.37895319241824588, 7.000000000000000000 ) ) ;
#630 = EDGE_CURVE ( 'NONE', #589, #1119, #1022, .T. ) ;
#631 = CARTESIAN_POINT ( 'NONE',  ( 71.72389948569856699, 10.63411915050120804, 0.2226263087955138165 ) ) ;
#632 = CARTESIAN_POINT ( 'NONE',  ( 69.73424481600672209, 9.499999999999968026, 10.00000000000000178 ) ) ;
#633 = TOROIDAL_SURFACE ( 'NONE', #789, 9.500000000000005329, 3.000000000000000000 ) ;
#634 = AXIS2_PLACEMENT_3D ( 'NONE', #133, #1104, #524 ) ;
#635 = CARTESIAN_POINT ( 'NONE',  ( -0.03503845198015156231, -24.60298751831118480, 1.495734274861986624 ) ) ;
#636 = VERTEX_POINT ( 'NONE', #1205 ) ;
#637 = CARTESIAN_POINT ( 'NONE',  ( -0.2247936256925132659, 22.39178876745806690, 10.00000000000000000 ) ) ;
#638 = CARTESIAN_POINT ( 'NONE',  ( 73.43032440642343772, 11.60573071113290489, 0.8631966797244815526 ) ) ;
#639 = DIRECTION ( 'NONE',  ( 1.000000000000000000, 0.000000000000000000, 0.000000000000000000 ) ) ;
#640 = CARTESIAN_POINT ( 'NONE',  ( 72.41033891721924931, 11.02567232543723996, 9.585156499193562496 ) ) ;
#641 = EDGE_LOOP ( 'NONE', ( #395, #900, #297, #425 ) ) ;
#642 = LINE ( 'NONE', #921, #831 ) ;
#643 = AXIS2_PLACEMENT_3D ( 'NONE', #10, #504, #598 ) ;
#644 = DIRECTION ( 'NONE',  ( -0.9844275755084819224, -0.1757906384836574742, 0.000000000000000000 ) ) ;
#645 = CARTESIAN_POINT ( 'NONE',  ( 69.73424481600672209, 9.500000000000001776, 10.00000000000000178 ) ) ;
#646 = ADVANCED_FACE ( 'NONE', ( #527 ), #1014, .F. ) ;
#647 = CARTESIAN_POINT ( 'NONE',  ( -0.2573272383882745373, -21.99849500971335914, 0.000000000000000000 ) ) ;
#648 = AXIS2_PLACEMENT_3D ( 'NONE', #111, #17, #693 ) ;
#649 = ORIENTED_EDGE ( 'NONE', *, *, #804, .T. ) ;
#650 = CARTESIAN_POINT ( 'NONE',  ( -0.01360563352681755205, 24.84623068436717475, 7.968338414757133670 ) ) ;
#651 = COLOUR_RGB ( '',0.7921568627450980005, 0.8196078431372548767, 0.9333333333333333481 ) ;
#652 = CARTESIAN_POINT ( 'NONE',  ( 72.84619330291040740, 11.27378425431368925, 0.5785675280645427021 ) ) ;
#653 =( NAMED_UNIT ( * ) SI_UNIT ( $, .STERADIAN. ) SOLID_ANGLE_UNIT ( ) );
#654 = CARTESIAN_POINT ( 'NONE',  ( 68.51350687438082332, 10.51692357510392739, 10.00318682172786389 ) ) ;
#655 = CARTESIAN_POINT ( 'NONE',  ( 0.000000000000000000, 0.000000000000000000, 7.000000000000000000 ) ) ;
#656 = CARTESIAN_POINT ( 'NONE',  ( 74.99999999999972999, 12.50000000000000000, 3.000000000000000000 ) ) ;
#657 =( NAMED_UNIT ( * ) PLANE_ANGLE_UNIT ( ) SI_UNIT ( $, .RADIAN. ) );
#658 = CARTESIAN_POINT ( 'NONE',  ( 72.48153446503081909, -11.06518270582072816, 0.3225420187014692019 ) ) ;
#659 = EDGE_CURVE ( 'NONE', #210, #402, #749, .T. ) ;
#660 = DIRECTION ( 'NONE',  ( 0.000000000000000000, 0.000000000000000000, 1.000000000000000000 ) ) ;
#661 = CARTESIAN_POINT ( 'NONE',  ( 67.92000777397629463, 11.01201660025175677, 0.2373481886067496105 ) ) ;
#662 = DIRECTION ( 'NONE',  ( -0.000000000000000000, -0.000000000000000000, 1.000000000000000000 ) ) ;
#663 = CARTESIAN_POINT ( 'NONE',  ( 65.07527804249812675, -13.37941463526819419, 2.630920409553909156 ) ) ;
#664 = DIRECTION ( 'NONE',  ( 1.000000000000000000, -3.469446951953614189E-17, 0.000000000000000000 ) ) ;
#665 = PLANE ( 'NONE',  #558 ) ;
#666 = AXIS2_PLACEMENT_3D ( 'NONE', #934, #68, #1101 ) ;
#667 = VERTEX_POINT ( 'NONE', #929 ) ;
#668 = CARTESIAN_POINT ( 'NONE',  ( 66.52752690789361623, -12.17137520420605235, 0.8246282416995068809 ) ) ;
#669 = CARTESIAN_POINT ( 'NONE',  ( 74.99999999999972999, 12.50000000000000000, 7.000000000000000000 ) ) ;
#670 = DIRECTION ( 'NONE',  ( -1.000000000000000000, 3.469446951953614189E-17, -0.000000000000000000 ) ) ;
#671 = CARTESIAN_POINT ( 'NONE',  ( 66.39210354215056498, -12.28415456263536853, 9.088941016483619961 ) ) ;
#672 = VERTEX_POINT ( 'NONE', #347 ) ;
#673 = CYLINDRICAL_SURFACE ( 'NONE', #157, 2.999999999999999556 ) ;
#674 = DIRECTION ( 'NONE',  ( 0.000000000000000000, 0.000000000000000000, 1.000000000000000000 ) ) ;
#675 = CARTESIAN_POINT ( 'NONE',  ( 68.98079118529871323, 10.12959449184298677, 0.03334822564299671360 ) ) ;
#676 = CARTESIAN_POINT ( 'NONE',  ( 74.99999999999988631, -12.50000000000000000, 10.00000000000000000 ) ) ;
#677 = ORIENTED_EDGE ( 'NONE', *, *, #512, .T. ) ;
#678 = CARTESIAN_POINT ( 'NONE',  ( 65.18837814701799971, 13.28911408164689156, 7.750682588162644215 ) ) ;
#679 = FACE_OUTER_BOUND ( 'NONE', #321, .T. ) ;
#680 = ORIENTED_EDGE ( 'NONE', *, *, #61, .F. ) ;
#681 = CARTESIAN_POINT ( 'NONE',  ( 73.44405954618264332, -11.61355242334431281, 9.129067028330519307 ) ) ;
#682 = CARTESIAN_POINT ( 'NONE',  ( 0.000000000000000000, 25.00000000000000000, 7.000000000000000000 ) ) ;
#683 = ORIENTED_EDGE ( 'NONE', *, *, #1232, .F. ) ;
#684 = CARTESIAN_POINT ( 'NONE',  ( 67.95993960512858223, 10.97872266789935303, 9.773399992450091389 ) ) ;
#685 = UNCERTAINTY_MEASURE_WITH_UNIT (LENGTH_MEASURE( 1.000000000000000082E-05 ), #746, 'distance_accuracy_value', 'NONE');
#686 = CARTESIAN_POINT ( 'NONE',  ( 73.67666320165498917, -11.74628140243802576, 1.010301890305756789 ) ) ;
#687 = EDGE_LOOP ( 'NONE', ( #420, #1189 ) ) ;
#688 = CARTESIAN_POINT ( 'NONE',  ( 0.000000000000000000, 25.00000000000000000, 10.00000000000000000 ) ) ;
#689 = VECTOR ( 'NONE', #670, 1000.000000000000000 ) ;
#690 = CARTESIAN_POINT ( 'NONE',  ( 67.81928807028191386, -11.09601136962595014, 9.734448799019469689 ) ) ;
#691 = ORIENTED_EDGE ( 'NONE', *, *, #1222, .F. ) ;
#692 = B_SPLINE_CURVE_WITH_KNOTS ( 'NONE', 3,
 ( #1159, #792, #1069, #103, #25, #981, #294, #968, #493, #91, #478, #881, #684, #700, #409, #868, #188, #1250, #511, #9, #2, #397, #800, #1083, #784, #381, #1167, #200, #678, #772, #1172 ),
 .UNSPECIFIED., .F., .F.,
 ( 4, 2, 2, 2, 1, 1, 1, 1, 2, 2, 2, 2, 1, 1, 1, 2, 2, 2, 4 ),
 ( 0.000000000000000000, 0.1250000000000148770, 0.1875000000000222877, 0.2187500000000259792, 0.2343750000000299483, 0.2421875000000321132, 0.2460937500000307532, 0.2480468750000330014, 0.2490234375000343614, 0.2500000000000357492, 0.3750000000001422196, 0.4375000000001939005, 0.4687500000002178258, 0.4843750000002278178, 0.4921875000002305933, 0.4960937500002320366, 0.5000000000002334799, 0.7500000000001167955, 1.000000000000000000 ),
 .UNSPECIFIED. ) ;
#693 = DIRECTION ( 'NONE',  ( 0.000000000000000000, 0.000000000000000000, 1.000000000000000000 ) ) ;
#694 = CARTESIAN_POINT ( 'NONE',  ( 72.98880079877862670, -11.35492353943443256, 0.6340241229398642098 ) ) ;
#695 = ORIENTED_EDGE ( 'NONE', *, *, #1166, .T. ) ;
#696 = CARTESIAN_POINT ( 'NONE',  ( -0.03503541123540610674, -24.60302210245027510, 8.504204682927792192 ) ) ;
#697 = EDGE_CURVE ( 'NONE', #980, #889, #338, .T. ) ;
#698 = CARTESIAN_POINT ( 'NONE',  ( 67.30488159479806143, 11.52375681782039152, 0.3225420187014557127 ) ) ;
#699 = VECTOR ( 'NONE', #855, 1000.000000000000000 ) ;
#700 = CARTESIAN_POINT ( 'NONE',  ( 67.95695955716655590, 10.98120678063207301, 9.772606733105627441 ) ) ;
#701 = CARTESIAN_POINT ( 'NONE',  ( 170.0000000000000000, 0.000000000000000000, 0.000000000000000000 ) ) ;
#702 = CARTESIAN_POINT ( 'NONE',  ( 74.87541210324410201, -12.43098758451611907, 7.750682588168533727 ) ) ;
#703 = CARTESIAN_POINT ( 'NONE',  ( 69.73424481600653735, 9.500000000000000000, 0.000000000000000000 ) ) ;
#704 = AXIS2_PLACEMENT_3D ( 'NONE', #1136, #554, #1003 ) ;
#705 = CIRCLE ( 'NONE', #903, 25.00000000000000000 ) ;
#706 = DIRECTION ( 'NONE',  ( 1.000000000000000000, 0.000000000000000000, 0.000000000000000000 ) ) ;
#707 = ORIENTED_EDGE ( 'NONE', *, *, #1182, .T. ) ;
#708 = CARTESIAN_POINT ( 'NONE',  ( 73.40962302549246488, -11.59394429065110188, 9.148397186195751374 ) ) ;
#709 = DIRECTION ( 'NONE',  ( 1.000000000000000000, 3.469446951953614189E-17, -0.000000000000000000 ) ) ;
#710 = DIRECTION ( 'NONE',  ( -0.000000000000000000, -0.000000000000000000, -1.000000000000000000 ) ) ;
#711 = EDGE_CURVE ( 'NONE', #672, #729, #642, .T. ) ;
#712 = CARTESIAN_POINT ( 'NONE',  ( -0.03503845198014601120, 24.60298751831118480, 1.495734274861986401 ) ) ;
#713 = ORIENTED_EDGE ( 'NONE', *, *, #58, .T. ) ;
#714 = CARTESIAN_POINT ( 'NONE',  ( -0.08931549033111757518, 23.98128257331223523, 9.261000803250649227 ) ) ;
#715 = CARTESIAN_POINT ( 'NONE',  ( 70.00000000000000000, 12.50000000000000000, 7.000000000000000000 ) ) ;
#716 = CARTESIAN_POINT ( 'NONE',  ( 69.73424481600656577, 9.499999999999991118, 6.938893903907228378E-15 ) ) ;
#717 = EDGE_CURVE ( 'NONE', #116, #8, #230, .T. ) ;
#718 = CARTESIAN_POINT ( 'NONE',  ( 68.21815119331989763, -10.76411259680480903, 0.1635626033439892824 ) ) ;
#719 = ORIENTED_EDGE ( 'NONE', *, *, #697, .F. ) ;
#720 = DIRECTION ( 'NONE',  ( 1.000000000000000000, -3.469446951953614189E-17, 0.000000000000000000 ) ) ;
#721 = FACE_OUTER_BOUND ( 'NONE', #628, .T. ) ;
#722 = SURFACE_SIDE_STYLE ('',( #356 ) ) ;
#723 = CARTESIAN_POINT ( 'NONE',  ( -3.573420246229078592E-19, -25.00000000000000000, 2.801494758863097623 ) ) ;
#724 = VERTEX_POINT ( 'NONE', #1120 ) ;
#725 = CARTESIAN_POINT ( 'NONE',  ( 0.000000000000000000, 0.000000000000000000, 10.00000000000000000 ) ) ;
#726 = CARTESIAN_POINT ( 'NONE',  ( 71.51396273124913705, 10.51479377108777946, 0.1766028437258359840 ) ) ;
#727 = CARTESIAN_POINT ( 'NONE',  ( 75.00559367434456703, 12.50318682172783369, 7.786493307337379655 ) ) ;
#728 = DIRECTION ( 'NONE',  ( 0.000000000000000000, 0.000000000000000000, 1.000000000000000000 ) ) ;
#729 = VERTEX_POINT ( 'NONE', #454 ) ;
#730 = CARTESIAN_POINT ( 'NONE',  ( 71.69262070748584392, -12.79298439747275218, 3.000000000000000888 ) ) ;
#731 = CARTESIAN_POINT ( 'NONE',  ( 3.798956885537903005, -21.27415855901225683, 0.000000000000000000 ) ) ;
#732 = ADVANCED_FACE ( 'NONE', ( #546 ), #1211, .T. ) ;
#733 = DIRECTION ( 'NONE',  ( 0.000000000000000000, 1.000000000000000000, 0.000000000000000000 ) ) ;
#734 = B_SPLINE_CURVE_WITH_KNOTS ( 'NONE', 3,
 ( #1195, #723, #439, #1112, #323, #1125, #635, #1019, #146, #538, #1212, #1118, #153, #1217, #542, #60, #126, #345, #251, #647 ),
 .UNSPECIFIED., .F., .F.,
 ( 4, 2, 2, 2, 2, 2, 2, 2, 2, 4 ),
 ( 0.000000000000000000, 0.0005870505372804841939, 0.001174101074560968388, 0.001761151611841452582, 0.002348202149121936776, 0.002935252686402421186, 0.003522303223682905163, 0.004109353760963389141, 0.004402879029603631346, 0.004696404298243873551 ),
 .UNSPECIFIED. ) ;
#735 = CARTESIAN_POINT ( 'NONE',  ( 12.50000000000000000, 0.000000000000000000, 10.00000000000000000 ) ) ;
#736 = VERTEX_POINT ( 'NONE', #229 ) ;
#737 = CARTESIAN_POINT ( 'NONE',  ( 68.38524141497181574, -13.08596879494550436, 3.000000000000000888 ) ) ;
#738 = CARTESIAN_POINT ( 'NONE',  ( 65.18837965706767079, 13.28912133973018506, 2.249346346248546791 ) ) ;
#739 = VECTOR ( 'NONE', #972, 1000.000000000000000 ) ;
#740 = DIRECTION ( 'NONE',  ( 1.000000000000000000, 0.000000000000000000, 0.000000000000000000 ) ) ;
#741 = PLANE ( 'NONE',  #417 ) ;
#742 = AXIS2_PLACEMENT_3D ( 'NONE', #767, #1237, #1142 ) ;
#743 = AXIS2_PLACEMENT_3D ( 'NONE', #300, #833, #639 ) ;
#744 = LINE ( 'NONE', #669, #1238 ) ;
#745 = CARTESIAN_POINT ( 'NONE',  ( 66.63409526469142463, 12.08254534103144806, 0.7547108925725216633 ) ) ;
#746 =( LENGTH_UNIT ( ) NAMED_UNIT ( * ) SI_UNIT ( .MILLI., .METRE. ) );
#747 = B_SPLINE_CURVE_WITH_KNOTS ( 'NONE', 3,
 ( #1140, #100, #5, #196, #413, #421, #1181, #813, #993, #696, #291, #970, #114, #788, #1086, #600 ),
 .UNSPECIFIED., .F., .F.,
 ( 4, 2, 2, 2, 2, 2, 2, 4 ),
 ( -2.531240797880080192E-05, 0.001158588447522210154, 0.001750538875272719588, 0.002342489303023228588, 0.002934439730773738021, 0.003526390158524247455, 0.004118340586274752552, 0.004710291014025256781 ),
 .UNSPECIFIED. ) ;
#748 = EDGE_CURVE ( 'NONE', #523, #309, #1007, .T. ) ;
#749 = CIRCLE ( 'NONE', #1231, 3.000000000000000000 ) ;
#750 = CARTESIAN_POINT ( 'NONE',  ( 75.00000000000004263, -12.49999999999998401, 3.000000000000000444 ) ) ;
#751 = LINE ( 'NONE', #1042, #470 ) ;
#752 = FACE_OUTER_BOUND ( 'NONE', #613, .T. ) ;
#753 = CARTESIAN_POINT ( 'NONE',  ( 65.07527818073253911, -13.37941461058348125, 7.369059846645066969 ) ) ;
#754 = CARTESIAN_POINT ( 'NONE',  ( 67.95642343870713376, -10.98165364646543019, 0.2275358027015877971 ) ) ;
#755 = PRODUCT_RELATED_PRODUCT_CATEGORY ( 'part', '', ( #913 ) ) ;
#756 = CARTESIAN_POINT ( 'NONE',  ( 67.57938206227315447, 11.29611692756312635, 0.3406005519670570747 ) ) ;
#757 = CIRCLE ( 'NONE', #85, 9.500000000000008882 ) ;
#758 = CARTESIAN_POINT ( 'NONE',  ( 0.000000000000000000, -25.00000000000000000, 10.00000000000000000 ) ) ;
#759 = ORIENTED_EDGE ( 'NONE', *, *, #386, .T. ) ;
#760 = CARTESIAN_POINT ( 'NONE',  ( 69.73424481600652314, 9.500000000000001776, 10.00000000000000000 ) ) ;
#761 = EDGE_CURVE ( 'NONE', #1076, #280, #43, .T. ) ;
#762 = AXIS2_PLACEMENT_3D ( 'NONE', #307, #605, #990 ) ;
#763 = CARTESIAN_POINT ( 'NONE',  ( -0.2246911640513306052, 22.39128254443523147, 0.02415232006121885780 ) ) ;
#764 = CARTESIAN_POINT ( 'NONE',  ( 67.81928807031343354, 11.09601136960000467, 0.2655512009715951249 ) ) ;
#765 = CARTESIAN_POINT ( 'NONE',  ( 66.17053241687710852, -12.46920569445896376, 8.930988518757482453 ) ) ;
#766 = ORIENTED_EDGE ( 'NONE', *, *, #1144, .T. ) ;
#767 = CARTESIAN_POINT ( 'NONE',  ( 0.000000000000000000, 0.000000000000000000, 0.000000000000000000 ) ) ;
#768 = CARTESIAN_POINT ( 'NONE',  ( 170.0000000000000000, 0.000000000000000000, 0.000000000000000000 ) ) ;
#769 = FACE_OUTER_BOUND ( 'NONE', #641, .T. ) ;
#770 = EDGE_CURVE ( 'NONE', #988, #1113, #177, .T. ) ;
#771 = ORIENTED_EDGE ( 'NONE', *, *, #860, .T. ) ;
#772 = CARTESIAN_POINT ( 'NONE',  ( 65.07527804249816938, 13.37941463526818886, 7.369079590455076989 ) ) ;
#773 = CARTESIAN_POINT ( 'NONE',  ( 74.03868482565503939, 11.95364850830469372, 8.729114284487444309 ) ) ;
#774 = ORIENTED_EDGE ( 'NONE', *, *, #45, .T. ) ;
#775 = CARTESIAN_POINT ( 'NONE',  ( 69.73424481600653735, -9.500000000000000000, 10.00000000000000000 ) ) ;
#776 = FACE_OUTER_BOUND ( 'NONE', #273, .T. ) ;
#777 = ORIENTED_EDGE ( 'NONE', *, *, #711, .F. ) ;
#778 = DIRECTION ( 'NONE',  ( 0.000000000000000000, 0.000000000000000000, 1.000000000000000000 ) ) ;
#779 = FACE_OUTER_BOUND ( 'NONE', #1241, .T. ) ;
#780 = VERTEX_POINT ( 'NONE', #791 ) ;
#781 = LINE ( 'NONE', #21, #948 ) ;
#782 = CARTESIAN_POINT ( 'NONE',  ( 69.33065038658099866, -9.836210316783317253, 10.00000000000000000 ) ) ;
#783 = ORIENTED_EDGE ( 'NONE', *, *, #1247, .T. ) ;
#784 = CARTESIAN_POINT ( 'NONE',  ( 66.45374362557049608, 12.23278998788962468, 9.129067028335917655 ) ) ;
#785 = EDGE_CURVE ( 'NONE', #309, #113, #286, .T. ) ;
#786 = CARTESIAN_POINT ( 'NONE',  ( 74.03868482565484044, -11.95364850832759984, 1.270885715544768813 ) ) ;
#787 = VERTEX_POINT ( 'NONE', #1225 ) ;
#788 = CARTESIAN_POINT ( 'NONE',  ( -0.001728904628284995935, -24.98049402867259516, 7.393655166725631389 ) ) ;
#789 = AXIS2_PLACEMENT_3D ( 'NONE', #940, #482, #847 ) ;
#790 = ORIENTED_EDGE ( 'NONE', *, *, #352, .F. ) ;
#791 = CARTESIAN_POINT ( 'NONE',  ( 170.0000000000000000, 9.500000000000005329, 10.00000000000000000 ) ) ;
#792 = CARTESIAN_POINT ( 'NONE',  ( 69.33069675653541708, 9.836171688755092291, 10.00000000000000178 ) ) ;
#793 = DIRECTION ( 'NONE',  ( -0.000000000000000000, -0.000000000000000000, 1.000000000000000000 ) ) ;
#794 = EDGE_LOOP ( 'NONE', ( #1107, #1204, #649, #32 ) ) ;
#795 = FACE_OUTER_BOUND ( 'NONE', #327, .T. ) ;
#796 = B_SPLINE_CURVE_WITH_KNOTS ( 'NONE', 3,
 ( #1099, #227, #619, #134, #525, #718, #41, #424, #816, #1203, #1105, #362, #1153, #183, #754, #838, #70, #358, #1038, #354, #851, #668, #845, #559, #268, #1139, #79, #84, #1227, #663, #571 ),
 .UNSPECIFIED., .F., .F.,
 ( 4, 2, 2, 2, 1, 1, 1, 1, 2, 2, 2, 2, 1, 1, 1, 2, 2, 2, 4 ),
 ( 0.000000000000000000, 0.1250000000000190126, 0.1875000000000269784, 0.2187500000000307809, 0.2343750000000346945, 0.2421875000000366651, 0.2460937500000351663, 0.2480468750000315858, 0.2490234375000300870, 0.2500000000000285327, 0.3750000000001043055, 0.4375000000001439959, 0.4687500000001638134, 0.4843750000001737499, 0.4921875000001764144, 0.4960937500001758038, 0.5000000000001751932, 0.7500000000000875966, 1.000000000000000000 ),
 .UNSPECIFIED. ) ;
#797 = CARTESIAN_POINT ( 'NONE',  ( 67.92000777396799549, -11.01201660025862417, 9.762651811391011236 ) ) ;
#798 = ORIENTED_EDGE ( 'NONE', *, *, #1218, .F. ) ;
#799 = AXIS2_PLACEMENT_3D ( 'NONE', #308, #982, #1084 ) ;
#800 = CARTESIAN_POINT ( 'NONE',  ( 66.48419695999686496, 12.20743358338586759, 9.148397186214037191 ) ) ;
#801 = CARTESIAN_POINT ( 'NONE',  ( 73.47381200803840784, -11.63050320503704782, 0.8878924418910756344 ) ) ;
#802 = ORIENTED_EDGE ( 'NONE', *, *, #491, .F. ) ;
#803 = CARTESIAN_POINT ( 'NONE',  ( 72.09997141278829247, -10.84857252994743249, 9.688615546744502538 ) ) ;
#804 = EDGE_CURVE ( 'NONE', #889, #980, #353, .T. ) ;
#805 = CARTESIAN_POINT ( 'NONE',  ( 67.88623041619555920, -11.04018275083763712, 9.753369098266146509 ) ) ;
#806 = EDGE_CURVE ( 'NONE', #787, #1085, #80, .T. ) ;
#807 = CIRCLE ( 'NONE', #543, 25.00000000000000000 ) ;
#808 = FACE_OUTER_BOUND ( 'NONE', #1002, .T. ) ;
#809 = MECHANICAL_DESIGN_GEOMETRIC_PRESENTATION_REPRESENTATION (  '', ( #36 ), #1004 ) ;
#810 = B_SPLINE_CURVE_WITH_KNOTS ( 'NONE', 3,
 ( #548, #64, #738, #427, #1109, #254, #164, #553, #355, #239, #529, #144, #841, #1226, #745, #1135, #261, #1008, #756, #266, #764, #1234, #661, #1229, #468, #1145, #94, #180, #464, #675, #565, #1040 ),
 .UNSPECIFIED., .F., .F.,
 ( 4, 2, 2, 2, 1, 1, 1, 2, 2, 2, 2, 1, 1, 1, 1, 1, 2, 2, 2, 4 ),
 ( 0.000000000000000000, 0.2500000000001526557, 0.3750000000002289835, 0.4375000000002671197, 0.4687500000002862155, 0.4843750000002937650, 0.4921875000002977063, 0.4960937500002978728, 0.5000000000002979839, 0.6250000000002768896, 0.6875000000002663425, 0.7187500000002625677, 0.7343750000002592371, 0.7421875000002590150, 0.7460937500002573497, 0.7480468750002580158, 0.7490234375002584599, 0.7500000000002587930, 0.8750000000001293410, 1.000000000000000000 ),
 .UNSPECIFIED. ) ;
#811 = CARTESIAN_POINT ( 'NONE',  ( 179.5000000000000284, 0.000000000000000000, 0.000000000000000000 ) ) ;
#812 = VERTEX_POINT ( 'NONE', #359 ) ;
#813 = CARTESIAN_POINT ( 'NONE',  ( -0.06523646003286810713, -24.25814596668410772, 8.984602380841616664 ) ) ;
#814 = DIRECTION ( 'NONE',  ( 0.000000000000000000, 0.000000000000000000, 1.000000000000000000 ) ) ;
#815 = FACE_OUTER_BOUND ( 'NONE', #120, .T. ) ;
#816 = CARTESIAN_POINT ( 'NONE',  ( 68.03999877304153188, -10.91206765770751730, 0.2058034334496029460 ) ) ;
#817 = ORIENTED_EDGE ( 'NONE', *, *, #18, .T. ) ;
#818 = DIRECTION ( 'NONE',  ( 0.000000000000000000, -0.000000000000000000, -1.000000000000000000 ) ) ;
#819 = DIRECTION ( 'NONE',  ( -1.000000000000000000, -3.469446951953614189E-17, 0.000000000000000000 ) ) ;
#820 = FACE_OUTER_BOUND ( 'NONE', #1009, .T. ) ;
#821 = DIRECTION ( 'NONE',  ( 1.000000000000000000, 0.000000000000000000, 0.000000000000000000 ) ) ;
#822 = EDGE_LOOP ( 'NONE', ( #367, #1073, #1165, #545 ) ) ;
#823 = CARTESIAN_POINT ( 'NONE',  ( 74.99999999999988631, -12.50000000000000000, 3.000000000000000000 ) ) ;
#824 = CARTESIAN_POINT ( 'NONE',  ( 72.98028177336422573, 11.34996568913872217, 0.6364716736329526503 ) ) ;
#825 = CARTESIAN_POINT ( 'NONE',  ( -0.2573272383882729275, 21.99849500971335914, 0.000000000000000000 ) ) ;
#826 = VECTOR ( 'NONE', #856, 1000.000000000000114 ) ;
#827 = CARTESIAN_POINT ( 'NONE',  ( 71.78602815222274103, 10.66954494791950125, 9.762651811399884139 ) ) ;
#828 = EDGE_CURVE ( 'NONE', #67, #154, #366, .T. ) ;
#829 = ORIENTED_EDGE ( 'NONE', *, *, #576, .T. ) ;
#830 = CARTESIAN_POINT ( 'NONE',  ( -0.02691016434641856775, 24.69533940481965217, 8.331839258776533086 ) ) ;
#831 = VECTOR ( 'NONE', #325, 1000.000000000000000 ) ;
#832 = CARTESIAN_POINT ( 'NONE',  ( 73.36062910445222940, 11.56606442707018623, 0.8246282417227440709 ) ) ;
#833 = DIRECTION ( 'NONE',  ( 0.000000000000000000, 0.000000000000000000, 1.000000000000000000 ) ) ;
#834 = CARTESIAN_POINT ( 'NONE',  ( -0.2573272383882729275, -21.99849500971335914, 10.00000000000000000 ) ) ;
#835 = ORIENTED_EDGE ( 'NONE', *, *, #466, .T. ) ;
#836 = CARTESIAN_POINT ( 'NONE',  ( 74.99999999999972999, 12.50000000000000000, 7.000000000000000000 ) ) ;
#837 = DIRECTION ( 'NONE',  ( -3.469446951953612956E-17, -1.000000000000000000, 0.000000000000000000 ) ) ;
#838 = CARTESIAN_POINT ( 'NONE',  ( 67.64242474414201922, -11.24344457493085159, 0.3113844532385895980 ) ) ;
#839 = ORIENTED_EDGE ( 'NONE', *, *, #430, .T. ) ;
#840 = CARTESIAN_POINT ( 'NONE',  ( -0.1762397751995878059, 22.96746576559898401, 0.1538214102246284187 ) ) ;
#841 = CARTESIAN_POINT ( 'NONE',  ( 66.42743427040875304, 12.25470700908752519, 0.8878924418911611216 ) ) ;
#842 = AXIS2_PLACEMENT_3D ( 'NONE', #1151, #1254, #966 ) ;
#843 = SURFACE_STYLE_USAGE ( .BOTH. , #722 ) ;
#844 = ADVANCED_FACE ( 'NONE', ( #1149 ), #151, .T. ) ;
#845 = CARTESIAN_POINT ( 'NONE',  ( 66.48419695997741030, -12.20743358340153328, 0.8516028137977035284 ) ) ;
#846 = CARTESIAN_POINT ( 'NONE',  ( -0.2492611597449599092, 22.09600457342398627, 5.015442563508425560E-34 ) ) ;
#847 = DIRECTION ( 'NONE',  ( 1.000000000000000000, 0.000000000000000000, 0.000000000000000000 ) ) ;
#848 = CARTESIAN_POINT ( 'NONE',  ( 65.18837965707056981, -13.28912133974434795, 7.750653653695048995 ) ) ;
#849 = EDGE_CURVE ( 'NONE', #109, #589, #744, .T. ) ;
#850 = VECTOR ( 'NONE', #63, 1000.000000000000000 ) ;
#851 = CARTESIAN_POINT ( 'NONE',  ( 66.61663893240996970, -12.09727396841764602, 0.7710208379174607884 ) ) ;
#852 = FACE_OUTER_BOUND ( 'NONE', #242, .T. ) ;
#853 = DIRECTION ( 'NONE',  ( -0.9844275755084819224, -0.1757906384836574742, 0.000000000000000000 ) ) ;
#854 = CARTESIAN_POINT ( 'NONE',  ( 67.30488159479820354, -11.52375681782038086, 0.3225420187014513829 ) ) ;
#855 = DIRECTION ( 'NONE',  ( 0.000000000000000000, 0.000000000000000000, 1.000000000000000000 ) ) ;
#856 = DIRECTION ( 'NONE',  ( 0.9844275755084819224, 0.1757906384836574742, -0.000000000000000000 ) ) ;
#857 = AXIS2_PLACEMENT_3D ( 'NONE', #265, #660, #277 ) ;
#858 = CARTESIAN_POINT ( 'NONE',  ( 170.0000000000000000, 0.000000000000000000, 3.000000000000000000 ) ) ;
#859 = ORIENTED_EDGE ( 'NONE', *, *, #562, .T. ) ;
#860 = EDGE_CURVE ( 'NONE', #99, #876, #757, .T. ) ;
#861 = CARTESIAN_POINT ( 'NONE',  ( -0.5273719154509725060, -22.04671727347455601, 3.000000000000000000 ) ) ;
#862 = EDGE_CURVE ( 'NONE', #402, #109, #751, .T. ) ;
#863 = AXIS2_PLACEMENT_3D ( 'NONE', #858, #76, #573 ) ;
#864 = DIRECTION ( 'NONE',  ( 0.000000000000000000, 0.000000000000000000, 1.000000000000000000 ) ) ;
#865 = CARTESIAN_POINT ( 'NONE',  ( 75.00559367434446756, -12.50318682172786566, 7.786493307337372549 ) ) ;
#866 = DIRECTION ( 'NONE',  ( -0.1757906384836575020, 0.9844275755084820334, 0.000000000000000000 ) ) ;
#867 = ORIENTED_EDGE ( 'NONE', *, *, #152, .T. ) ;
#868 = CARTESIAN_POINT ( 'NONE',  ( 67.64242474423056706, 11.24344457484070858, 9.688615546791703892 ) ) ;
#869 = CARTESIAN_POINT ( 'NONE',  ( 73.93384786573993495, -11.89352406330084477, 1.188489364947360016 ) ) ;
#870 = EDGE_LOOP ( 'NONE', ( #719, #501 ) ) ;
#871 = CARTESIAN_POINT ( 'NONE',  ( 74.99999999999985789, -12.49999999999999645, 7.000000000000000000 ) ) ;
#872 = CARTESIAN_POINT ( 'NONE',  ( 65.52945821341343446, -13.00577940252884268, 8.297489912268270373 ) ) ;
#873 = ORIENTED_EDGE ( 'NONE', *, *, #1121, .T. ) ;
#874 = DIRECTION ( 'NONE',  ( 1.000000000000000000, 0.000000000000000000, 0.000000000000000000 ) ) ;
#875 = CARTESIAN_POINT ( 'NONE',  ( 73.93384786574009127, 11.89352406328052147, 8.811510635079066844 ) ) ;
#876 = VERTEX_POINT ( 'NONE', #104 ) ;
#877 = CARTESIAN_POINT ( 'NONE',  ( 71.24258006688701528, -10.36079798126640306, 9.875027755888988068 ) ) ;
#878 = CARTESIAN_POINT ( 'NONE',  ( 70.19060448997315405, 9.759996709695410999, -4.173754847595564921E-16 ) ) ;
#879 = ADVANCED_FACE ( 'NONE', ( #779, #496, #1093 ), #98, .F. ) ;
#880 = EDGE_LOOP ( 'NONE', ( #293, #892, #93, #534, #1252 ) ) ;
#881 = CARTESIAN_POINT ( 'NONE',  ( 67.96441950785124675, 10.97498863717638606, 9.774590609645432693 ) ) ;
#882 = CARTESIAN_POINT ( 'NONE',  ( 73.56895473352217607, -11.68476363567440757, 0.9437935253656417611 ) ) ;
#883 = ORIENTED_EDGE ( 'NONE', *, *, #1155, .T. ) ;
#884 = CARTESIAN_POINT ( 'NONE',  ( 73.97442230002059205, -11.91570202961825942, 8.826938657501029795 ) ) ;
#885 = FACE_OUTER_BOUND ( 'NONE', #967, .T. ) ;
#886 = ORIENTED_EDGE ( 'NONE', *, *, #942, .T. ) ;
#887 = CARTESIAN_POINT ( 'NONE',  ( 163.7500000000000000, 7.654042494670959579E-16, 0.000000000000000000 ) ) ;
#888 = CARTESIAN_POINT ( 'NONE',  ( 73.51376915543846735, -11.65328137749909665, 0.9110589835130994407 ) ) ;
#889 = VERTEX_POINT ( 'NONE', #998 ) ;
#890 = CARTESIAN_POINT ( 'NONE',  ( 0.000000000000000000, -25.00000000000000000, 7.000000000000000000 ) ) ;
#891 = CARTESIAN_POINT ( 'NONE',  ( 3.798956885537903005, -21.27415855901225683, 7.000000000000000000 ) ) ;
#892 = ORIENTED_EDGE ( 'NONE', *, *, #1245, .F. ) ;
#893 = CARTESIAN_POINT ( 'NONE',  ( -0.1024068244562042207, 23.83014197766132369, 0.6149126590213956911 ) ) ;
#894 = FACE_OUTER_BOUND ( 'NONE', #911, .T. ) ;
#895 = CARTESIAN_POINT ( 'NONE',  ( 71.75859852462805577, -10.65390137126388481, 0.2307917179708197375 ) ) ;
#896 = ORIENTED_EDGE ( 'NONE', *, *, #1106, .T. ) ;
#897 = ORIENTED_EDGE ( 'NONE', *, *, #748, .T. ) ;
#898 = B_SPLINE_CURVE_WITH_KNOTS ( 'NONE', 3,
 ( #975, #1188, #398, #296, #513, #786, #869, #591, #686, #882, #888, #487, #801, #1168, #584, #694, #1251, #480, #289, #209, #19, #1173, #302, #26, #895, #969, #1072, #1078, #606, #317, #382, #612 ),
 .UNSPECIFIED., .F., .F.,
 ( 4, 2, 2, 2, 1, 1, 1, 2, 2, 2, 2, 1, 1, 1, 1, 1, 2, 2, 2, 4 ),
 ( 0.000000000000000000, 0.2499999999999433231, 0.3749999999999150679, 0.4374999999999030775, 0.4687499999998972489, 0.4843749999998941402, 0.4921874999998906985, 0.4960937499998868128, 0.4999999999998829270, 0.6249999999997570832, 0.6874999999996921352, 0.7187499999996594946, 0.7343749999996413980, 0.7421874999996305178, 0.7460937499996251887, 0.7480468749996225242, 0.7490234374996213029, 0.7499999999996201927, 0.8749999999998100408, 1.000000000000000000 ),
 .UNSPECIFIED. ) ;
#899 = CARTESIAN_POINT ( 'NONE',  ( 73.48983290539887037, 11.63963494513191499, 9.102856282598573046 ) ) ;
#900 = ORIENTED_EDGE ( 'NONE', *, *, #935, .F. ) ;
#901 = CARTESIAN_POINT ( 'NONE',  ( 65.07786212245783020, 13.37895319241824588, 3.000000000000000000 ) ) ;
#902 = ORIENTED_EDGE ( 'NONE', *, *, #175, .F. ) ;
#903 = AXIS2_PLACEMENT_3D ( 'NONE', #995, #625, #124 ) ;
#904 = CARTESIAN_POINT ( 'NONE',  ( 71.82423086020384062, 10.69133473993607097, 9.753369098283879879 ) ) ;
#905 = ORIENTED_EDGE ( 'NONE', *, *, #942, .F. ) ;
#906 = CARTESIAN_POINT ( 'NONE',  ( -0.001728904628292685097, 24.98049402867259872, 7.393655166725633165 ) ) ;
#907 = CARTESIAN_POINT ( 'NONE',  ( 72.09997141285118971, 10.84857252998234323, 0.3113844532699521217 ) ) ;
#908 = AXIS2_PLACEMENT_3D ( 'NONE', #768, #1154, #190 ) ;
#909 = CARTESIAN_POINT ( 'NONE',  ( 72.48153446503056330, 11.06518270582072461, 0.3225420187014644280 ) ) ;
#910 = FACE_OUTER_BOUND ( 'NONE', #27, .T. ) ;
#911 = EDGE_LOOP ( 'NONE', ( #329, #766, #1249, #11 ) ) ;
#912 = DIRECTION ( 'NONE',  ( 0.000000000000000000, 0.000000000000000000, 1.000000000000000000 ) ) ;
#913 = PRODUCT ( 'bikecrankAP214', 'bikecrankAP214', '', ( #170 ) ) ;
#914 = CARTESIAN_POINT ( 'NONE',  ( 71.44894834591298149, 10.47791223300255758, 0.1635626033763540876 ) ) ;
#915 = B_SPLINE_CURVE_WITH_KNOTS ( 'NONE', 1,
 ( #1202, #618 ),
 .UNSPECIFIED., .F., .F.,
 ( 2, 2 ),
 ( 0.000000000000000000, 1.000000000000000000 ),
 .UNSPECIFIED. ) ;
#916 = LINE ( 'NONE', #165, #964 ) ;
#917 = EDGE_CURVE ( 'NONE', #116, #992, #311, .T. ) ;
#918 = CIRCLE ( 'NONE', #541, 3.000000000000000000 ) ;
#919 = CARTESIAN_POINT ( 'NONE',  ( 72.04860747473372840, 10.81934671687290006, 9.695231025504339684 ) ) ;
#920 = VERTEX_POINT ( 'NONE', #222 ) ;
#921 = CARTESIAN_POINT ( 'NONE',  ( -25.00000000000000000, 0.000000000000000000, 10.00000000000000000 ) ) ;
#922 = CARTESIAN_POINT ( 'NONE',  ( 72.41866804561887250, 11.03052558838861685, 0.4123225449708518009 ) ) ;
#923 = DIRECTION ( 'NONE',  ( 0.000000000000000000, 0.000000000000000000, 1.000000000000000000 ) ) ;
#924 = CIRCLE ( 'NONE', #704, 6.250000000000005329 ) ;
#925 = AXIS2_PLACEMENT_3D ( 'NONE', #891, #101, #1075 ) ;
#926 = VECTOR ( 'NONE', #1123, 1000.000000000000000 ) ;
#927 = CARTESIAN_POINT ( 'NONE',  ( 72.17129167348615226, 10.88934233286668096, 9.659399448106006147 ) ) ;
#928 = ORIENTED_EDGE ( 'NONE', *, *, #335, .F. ) ;
#929 = CARTESIAN_POINT ( 'NONE',  ( 69.73424481600652314, -9.500000000000001776, 0.000000000000000000 ) ) ;
#930 = CARTESIAN_POINT ( 'NONE',  ( 71.74484204467167103, 10.64605635190730659, 0.2275358027013410223 ) ) ;
#931 = CYLINDRICAL_SURFACE ( 'NONE', #581, 3.000000000000000888 ) ;
#932 = CARTESIAN_POINT ( 'NONE',  ( 75.00559367434465230, -12.50318682172783724, 2.213506692662625230 ) ) ;
#933 = EDGE_LOOP ( 'NONE', ( #391, #453, #1065, #303 ) ) ;
#934 = CARTESIAN_POINT ( 'NONE',  ( 0.000000000000000000, 0.000000000000000000, 7.000000000000000000 ) ) ;
#935 = EDGE_CURVE ( 'NONE', #154, #67, #1124, .T. ) ;
#936 = CARTESIAN_POINT ( 'NONE',  ( 74.87541210324366148, 12.43098758452756059, 2.249317411876150086 ) ) ;
#937 = CARTESIAN_POINT ( 'NONE',  ( 170.0000000000000000, 9.500000000000005329, 7.000000000000000000 ) ) ;
#938 = LINE ( 'NONE', #438, #926 ) ;
#939 = DIRECTION ( 'NONE',  ( 0.000000000000000000, 0.000000000000000000, 1.000000000000000000 ) ) ;
#940 = CARTESIAN_POINT ( 'NONE',  ( 170.0000000000000000, 0.000000000000000000, 7.000000000000000000 ) ) ;
#941 = CIRCLE ( 'NONE', #7, 12.50000000000001066 ) ;
#942 = EDGE_CURVE ( 'NONE', #280, #667, #898, .T. ) ;
#943 = DIRECTION ( 'NONE',  ( 0.000000000000000000, 0.000000000000000000, 1.000000000000000000 ) ) ;
#944 =( NAMED_UNIT ( * ) SI_UNIT ( $, .STERADIAN. ) SOLID_ANGLE_UNIT ( ) );
#945 = CARTESIAN_POINT ( 'NONE',  ( 71.11473855276928191, -10.28649330733738232, -0.003186821727837498876 ) ) ;
#946 = LINE ( 'NONE', #560, #215 ) ;
#947 = CARTESIAN_POINT ( 'NONE',  ( 65.67175203798866789, -12.88684927836530747, 8.475371278986495227 ) ) ;
#948 = VECTOR ( 'NONE', #608, 1000.000000000000000 ) ;
#949 = FACE_OUTER_BOUND ( 'NONE', #88, .T. ) ;
#950 = DIRECTION ( 'NONE',  ( 0.000000000000000000, 1.000000000000000000, 0.000000000000000000 ) ) ;
#951 = EDGE_CURVE ( 'NONE', #729, #220, #1143, .T. ) ;
#952 = DIRECTION ( 'NONE',  ( 0.9844275755084819224, -0.1757906384836574742, 0.000000000000000000 ) ) ;
#953 = ORIENTED_EDGE ( 'NONE', *, *, #295, .F. ) ;
#954 = ADVANCED_FACE ( 'NONE', ( #679 ), #404, .F. ) ;
#955 = FACE_OUTER_BOUND ( 'NONE', #412, .T. ) ;
#956 = CARTESIAN_POINT ( 'NONE',  ( 65.07786212245777335, -13.37895319241825653, 7.000000000000000000 ) ) ;
#957 = CARTESIAN_POINT ( 'NONE',  ( -3.295974604355933479E-16, -9.500000000000000000, 0.000000000000000000 ) ) ;
#958 = TOROIDAL_SURFACE ( 'NONE', #596, 9.500000000000005329, 3.000000000000000000 ) ;
#959 = CARTESIAN_POINT ( 'NONE',  ( 0.000000000000000000, -25.00000000000000000, 3.000000000000000000 ) ) ;
#960 = ORIENTED_EDGE ( 'NONE', *, *, #748, .F. ) ;
#961 = DIRECTION ( 'NONE',  ( 1.000000000000000000, 3.469446951953614189E-17, -0.000000000000000000 ) ) ;
#962 = CIRCLE ( 'NONE', #648, 3.000000000000000000 ) ;
#963 = DIRECTION ( 'NONE',  ( 1.000000000000000000, 0.000000000000000000, 0.000000000000000000 ) ) ;
#964 = VECTOR ( 'NONE', #65, 1000.000000000000114 ) ;
#965 = DIRECTION ( 'NONE',  ( -1.000000000000000000, -3.469446951953614189E-17, 0.000000000000000000 ) ) ;
#966 = DIRECTION ( 'NONE',  ( 1.000000000000000000, 0.000000000000000000, 0.000000000000000000 ) ) ;
#967 = EDGE_LOOP ( 'NONE', ( #217, #713, #771, #195, #341, #434, #440 ) ) ;
#968 = CARTESIAN_POINT ( 'NONE',  ( 68.07937359204100858, 10.87934571956180463, 9.803917135648733350 ) ) ;
#969 = CARTESIAN_POINT ( 'NONE',  ( 71.75309984157010490, -10.65076553041611440, 0.2294871272867575196 ) ) ;
#970 = CARTESIAN_POINT ( 'NONE',  ( -0.01360563352680979263, -24.84623068436716764, 7.968338414757136334 ) ) ;
#971 = EDGE_CURVE ( 'NONE', #589, #1055, #569, .T. ) ;
#972 = DIRECTION ( 'NONE',  ( -0.000000000000000000, -0.000000000000000000, -1.000000000000000000 ) ) ;
#973 = ORIENTED_EDGE ( 'NONE', *, *, #717, .T. ) ;
#974 = FACE_OUTER_BOUND ( 'NONE', #822, .T. ) ;
#975 = CARTESIAN_POINT ( 'NONE',  ( 74.99999999999988631, -12.50000000000000000, 3.000000000000000000 ) ) ;
#976 = ORIENTED_EDGE ( 'NONE', *, *, #187, .T. ) ;
#977 = DIRECTION ( 'NONE',  ( 0.1757906384836575020, 0.9844275755084820334, -0.000000000000000000 ) ) ;
#978 = FACE_BOUND ( 'NONE', #870, .T. ) ;
#979 = ADVANCED_FACE ( 'NONE', ( #910 ), #958, .T. ) ;
#980 = VERTEX_POINT ( 'NONE', #735 ) ;
#981 = CARTESIAN_POINT ( 'NONE',  ( 68.21815119349813017, 10.76411259666342879, 9.836437396693396451 ) ) ;
#982 = DIRECTION ( 'NONE',  ( 0.000000000000000000, 0.000000000000000000, 1.000000000000000000 ) ) ;
#983 = ORIENTED_EDGE ( 'NONE', *, *, #1200, .T. ) ;
#984 = CARTESIAN_POINT ( 'NONE',  ( 71.51396273126051994, -10.51479377109386171, 9.823397156271962416 ) ) ;
#985 = CIRCLE ( 'NONE', #199, 9.500000000000008882 ) ;
#986 = LINE ( 'NONE', #715, #1030 ) ;
#987 = VECTOR ( 'NONE', #818, 1000.000000000000000 ) ;
#988 = VERTEX_POINT ( 'NONE', #811 ) ;
#989 = CARTESIAN_POINT ( 'NONE',  ( -0.05415701550775998963, 24.38490738948115677, 1.169585181416284092 ) ) ;
#990 = DIRECTION ( 'NONE',  ( 1.000000000000000000, 0.000000000000000000, 0.000000000000000000 ) ) ;
#991 = CARTESIAN_POINT ( 'NONE',  ( 74.48983589628214474, 12.21202379588847364, 8.297489912379452548 ) ) ;
#992 = VERTEX_POINT ( 'NONE', #834 ) ;
#993 = CARTESIAN_POINT ( 'NONE',  ( -0.05415233859453217474, -24.38496083847620710, 8.830344199338096445 ) ) ;
#994 = CIRCLE ( 'NONE', #634, 22.00000000000000355 ) ;
#995 = CARTESIAN_POINT ( 'NONE',  ( 0.000000000000000000, 0.000000000000000000, 7.000000000000000000 ) ) ;
#996 = CARTESIAN_POINT ( 'NONE',  ( -0.02691251984946593095, 24.69531265878737969, 1.668105374076993108 ) ) ;
#997 = EDGE_CURVE ( 'NONE', #220, #736, #734, .T. ) ;
#998 = CARTESIAN_POINT ( 'NONE',  ( -12.50000000000000000, 1.530808498934191521E-15, 10.00000000000000000 ) ) ;
#999 = ORIENTED_EDGE ( 'NONE', *, *, #806, .F. ) ;
#1000 = CARTESIAN_POINT ( 'NONE',  ( 182.5000000000000284, 0.000000000000000000, 7.000000000000000000 ) ) ;
#1001 = CARTESIAN_POINT ( 'NONE',  ( 69.73424481600653735, -9.500000000000000000, 10.00000000000000000 ) ) ;
#1002 = EDGE_LOOP ( 'NONE', ( #416, #976, #55, #23, #4, #1094 ) ) ;
#1003 = DIRECTION ( 'NONE',  ( 1.000000000000000000, 0.000000000000000000, 0.000000000000000000 ) ) ;
#1004 =( GEOMETRIC_REPRESENTATION_CONTEXT ( 3 ) GLOBAL_UNCERTAINTY_ASSIGNED_CONTEXT ( ( #685 ) ) GLOBAL_UNIT_ASSIGNED_CONTEXT ( ( #746, #657, #944 ) ) REPRESENTATION_CONTEXT ( 'NONE', 'WORKASPACE' ) );
#1005 = CARTESIAN_POINT ( 'NONE',  ( 71.75859852462507149, 10.65390137126218129, 9.769208282029891777 ) ) ;
#1006 = VERTEX_POINT ( 'NONE', #518 ) ;
#1007 = LINE ( 'NONE', #1027, #443 ) ;
#1008 = CARTESIAN_POINT ( 'NONE',  ( 67.36802290005886107, 11.47234619928353894, 0.4148435009160133524 ) ) ;
#1009 = EDGE_LOOP ( 'NONE', ( #953, #488, #408, #1219 ) ) ;
#1010 = CARTESIAN_POINT ( 'NONE',  ( 0.000000000000000000, 25.00000000000000000, 3.000000000000000000 ) ) ;
#1011 = DIRECTION ( 'NONE',  ( 0.000000000000000000, 0.000000000000000000, 1.000000000000000000 ) ) ;
#1012 = CARTESIAN_POINT ( 'NONE',  ( 71.89994489997218352, 10.73452613400598388, 9.734448799054892021 ) ) ;
#1013 = ORIENTED_EDGE ( 'NONE', *, *, #1144, .F. ) ;
#1014 = PLANE ( 'NONE',  #44 ) ;
#1015 = CARTESIAN_POINT ( 'NONE',  ( 74.36131077480251861, 12.13901878799684653, 1.520205282694026439 ) ) ;
#1016 = EDGE_CURVE ( 'NONE', #667, #787, #796, .T. ) ;
#1017 = VECTOR ( 'NONE', #720, 1000.000000000000000 ) ;
#1018 = FACE_OUTER_BOUND ( 'NONE', #290, .T. ) ;
#1019 = CARTESIAN_POINT ( 'NONE',  ( -0.05415701550776506890, -24.38490738948115677, 1.169585181416284536 ) ) ;
#1020 = ORIENTED_EDGE ( 'NONE', *, *, #620, .T. ) ;
#1021 = CARTESIAN_POINT ( 'NONE',  ( -0.03503541123541410729, 24.60302210245027510, 8.504204682927795744 ) ) ;
#1022 = B_SPLINE_CURVE_WITH_KNOTS ( 'NONE', 1,
 ( #237, #629 ),
 .UNSPECIFIED., .F., .F.,
 ( 2, 2 ),
 ( 0.000000000000000000, 1.000000000000000000 ),
 .UNSPECIFIED. ) ;
#1023 = CARTESIAN_POINT ( 'NONE',  ( 71.11473855276926770, 10.28649330733737521, 10.00318682172785500 ) ) ;
#1024 = AXIS2_PLACEMENT_3D ( 'NONE', #194, #112, #1160 ) ;
#1025 = CARTESIAN_POINT ( 'NONE',  ( 69.73424481600652314, 9.500000000000001776, 10.00000000000000000 ) ) ;
#1026 = ORIENTED_EDGE ( 'NONE', *, *, #997, .T. ) ;
#1027 = CARTESIAN_POINT ( 'NONE',  ( -4.202791116087196660E-16, 25.00000000000000000, 3.000000000000000000 ) ) ;
#1028 = PLANE ( 'NONE',  #1045 ) ;
#1029 = CARTESIAN_POINT ( 'NONE',  ( 65.57848848039924405, 12.96191139470787590, 8.565182705820753029 ) ) ;
#1030 = VECTOR ( 'NONE', #709, 1000.000000000000000 ) ;
#1031 = VECTOR ( 'NONE', #1129, 1000.000000000000114 ) ;
#1032 = ADVANCED_FACE ( 'NONE', ( #955 ), #1111, .T. ) ;
#1033 = CYLINDRICAL_SURFACE ( 'NONE', #371, 25.00000000000000000 ) ;
#1034 = EDGE_LOOP ( 'NONE', ( #485, #236, #607 ) ) ;
#1035 = DIRECTION ( 'NONE',  ( -1.000000000000000000, 3.469446951953614189E-17, 0.000000000000000000 ) ) ;
#1036 = CARTESIAN_POINT ( 'NONE',  ( 0.000000000000000000, 0.000000000000000000, 0.000000000000000000 ) ) ;
#1037 = FACE_OUTER_BOUND ( 'NONE', #318, .T. ) ;
#1038 = CARTESIAN_POINT ( 'NONE',  ( 66.86396317386531507, -11.89178014729428945, 0.6364716735629507571 ) ) ;
#1039 = ADVANCED_FACE ( 'NONE', ( #259 ), #66, .T. ) ;
#1040 = CARTESIAN_POINT ( 'NONE',  ( 69.73424481600653735, 9.500000000000000000, 0.000000000000000000 ) ) ;
#1041 = CARTESIAN_POINT ( 'NONE',  ( 65.07786212245791546, -13.37895319241825476, 3.000000000000000444 ) ) ;
#1042 = CARTESIAN_POINT ( 'NONE',  ( 70.00000000000000000, 12.50000000000000000, 3.000000000000000000 ) ) ;
#1043 = DIRECTION ( 'NONE',  ( -0.000000000000000000, -0.000000000000000000, -1.000000000000000000 ) ) ;
#1044 = CARTESIAN_POINT ( 'NONE',  ( 170.0000000000000000, 9.500000000000005329, 0.000000000000000000 ) ) ;
#1045 = AXIS2_PLACEMENT_3D ( 'NONE', #1221, #349, #819 ) ;
#1046 = LINE ( 'NONE', #178, #35 ) ;
#1047 = EDGE_CURVE ( 'NONE', #574, #876, #918, .T. ) ;
#1048 = LINE ( 'NONE', #81, #826 ) ;
#1049 = DIRECTION ( 'NONE',  ( 0.000000000000000000, 0.000000000000000000, 1.000000000000000000 ) ) ;
#1050 = ADVANCED_FACE ( 'NONE', ( #172 ), #1244, .F. ) ;
#1051 = ORIENTED_EDGE ( 'NONE', *, *, #761, .T. ) ;
#1052 = FACE_OUTER_BOUND ( 'NONE', #226, .T. ) ;
#1053 = CARTESIAN_POINT ( 'NONE',  ( 65.57848848039894563, -12.96191139470793274, 8.565182705820751252 ) ) ;
#1054 = CARTESIAN_POINT ( 'NONE',  ( 66.41326813168498688, -12.26651286962881393, 9.102856282594956383 ) ) ;
#1055 = VERTEX_POINT ( 'NONE', #760 ) ;
#1056 = CARTESIAN_POINT ( 'NONE',  ( 0.000000000000000000, 0.000000000000000000, 3.000000000000000000 ) ) ;
#1057 = CARTESIAN_POINT ( 'NONE',  ( 170.0000000000000000, 0.000000000000000000, 10.00000000000000000 ) ) ;
#1058 = FACE_OUTER_BOUND ( 'NONE', #1034, .T. ) ;
#1059 = LINE ( 'NONE', #191, #521 ) ;
#1060 = CIRCLE ( 'NONE', #1164, 12.50000000000001066 ) ;
#1061 = ORIENTED_EDGE ( 'NONE', *, *, #602, .T. ) ;
#1062 = DIRECTION ( 'NONE',  ( 0.1757906384836575298, 0.9844275755084819224, 0.000000000000000000 ) ) ;
#1063 = EDGE_CURVE ( 'NONE', #162, #1076, #1046, .T. ) ;
#1064 = DIRECTION ( 'NONE',  ( 1.000000000000000000, 0.000000000000000000, -0.000000000000000000 ) ) ;
#1065 = ORIENTED_EDGE ( 'NONE', *, *, #241, .F. ) ;
#1066 = CARTESIAN_POINT ( 'NONE',  ( 68.38524141497180153, 13.08596879494549725, 3.000000000000000888 ) ) ;
#1067 = DIRECTION ( 'NONE',  ( 1.000000000000000000, 0.000000000000000000, 0.000000000000000000 ) ) ;
#1068 = ORIENTED_EDGE ( 'NONE', *, *, #562, .F. ) ;
#1069 = CARTESIAN_POINT ( 'NONE',  ( 68.98086082778941375, 10.12953704013029466, 9.966659053691058645 ) ) ;
#1070 = AXIS2_PLACEMENT_3D ( 'NONE', #28, #520, #330 ) ;
#1071 = ADVANCED_FACE ( 'NONE', ( #949 ), #741, .T. ) ;
#1072 = CARTESIAN_POINT ( 'NONE',  ( 71.74927236528817787, -10.64858280582097017, 0.2285818413605647526 ) ) ;
#1073 = ORIENTED_EDGE ( 'NONE', *, *, #711, .T. ) ;
#1074 = CARTESIAN_POINT ( 'NONE',  ( 71.69979109077895885, -10.62038715733474881, 9.782958766703258036 ) ) ;
#1075 = DIRECTION ( 'NONE',  ( 0.1757906384836576408, -0.9844275755084819224, 0.000000000000000000 ) ) ;
#1076 = VERTEX_POINT ( 'NONE', #1148 ) ;
#1077 = CARTESIAN_POINT ( 'NONE',  ( -0.5273719154509725060, 22.04671727347455601, 7.000000000000000000 ) ) ;
#1078 = CARTESIAN_POINT ( 'NONE',  ( 71.53289037396226036, -10.52518642903303814, 0.1774915048893215830 ) ) ;
#1079 = ORIENTED_EDGE ( 'NONE', *, *, #58, .F. ) ;
#1080 = CARTESIAN_POINT ( 'NONE',  ( 73.43032440641580649, -11.60573071112960974, 9.136803320278774621 ) ) ;
#1081 = AXIS2_PLACEMENT_3D ( 'NONE', #861, #1224, #463 ) ;
#1082 = CARTESIAN_POINT ( 'NONE',  ( 170.0000000000000000, 0.000000000000000000, 10.00000000000000000 ) ) ;
#1083 = CARTESIAN_POINT ( 'NONE',  ( 66.46588989213427112, 12.22267556970163582, 9.136803320289388353 ) ) ;
#1084 = DIRECTION ( 'NONE',  ( 1.000000000000000000, 0.000000000000000000, 0.000000000000000000 ) ) ;
#1085 = VERTEX_POINT ( 'NONE', #275 ) ;
#1086 = CARTESIAN_POINT ( 'NONE',  ( -1.005851624864480304E-18, -24.99999999999998579, 7.198496337476598228 ) ) ;
#1087 = CIRCLE ( 'NONE', #1242, 6.250000000000005329 ) ;
#1088 = AXIS2_PLACEMENT_3D ( 'NONE', #312, #814, #13 ) ;
#1089 = CIRCLE ( 'NONE', #418, 6.250000000000005329 ) ;
#1090 = CARTESIAN_POINT ( 'NONE',  ( 67.93697302693126971, -10.99787072076242467, 9.767248144332457471 ) ) ;
#1091 = ADVANCED_FACE ( 'NONE', ( #1052 ), #1033, .T. ) ;
#1092 = ORIENTED_EDGE ( 'NONE', *, *, #1200, .F. ) ;
#1093 = FACE_BOUND ( 'NONE', #599, .T. ) ;
#1094 = ORIENTED_EDGE ( 'NONE', *, *, #127, .T. ) ;
#1095 = DIRECTION ( 'NONE',  ( -0.9844275755084819224, 0.1757906384836574742, 0.000000000000000000 ) ) ;
#1096 = B_SPLINE_CURVE_WITH_KNOTS ( 'NONE', 3,
 ( #703, #878, #231, #624, #490, #914, #726, #536, #450, #1115, #631, #1122, #455, #1128, #930, #907, #922, #652, #824, #442, #249, #832, #138, #638, #1209, #343, #156, #1015, #936, #50, #331 ),
 .UNSPECIFIED., .F., .F.,
 ( 4, 2, 2, 2, 1, 1, 1, 1, 2, 2, 2, 2, 1, 1, 1, 2, 2, 2, 4 ),
 ( 0.000000000000000000, 0.1250000000001855738, 0.1875000000002764178, 0.2187500000003239908, 0.2343750000003503864, 0.2421875000003637646, 0.2460937500003704537, 0.2480468750003740341, 0.2490234375003727019, 0.2500000000003713696, 0.3750000000003366196, 0.4375000000003192446, 0.4687500000003129719, 0.4843750000003098077, 0.4921875000003060330, 0.4960937500003043676, 0.5000000000003026468, 0.7500000000001513234, 1.000000000000000000 ),
 .UNSPECIFIED. ) ;
#1097 = CARTESIAN_POINT ( 'NONE',  ( 67.68785119656401150, -11.20564457939179448, 9.695231025434162930 ) ) ;
#1098 = CARTESIAN_POINT ( 'NONE',  ( 65.57848848039907352, 12.96191139470789722, 1.434817294179265623 ) ) ;
#1099 = CARTESIAN_POINT ( 'NONE',  ( 69.73424481600652314, -9.500000000000001776, 0.000000000000000000 ) ) ;
#1100 = ORIENTED_EDGE ( 'NONE', *, *, #386, .F. ) ;
#1101 = DIRECTION ( 'NONE',  ( 1.000000000000000000, 0.000000000000000000, 0.000000000000000000 ) ) ;
#1102 = CARTESIAN_POINT ( 'NONE',  ( 74.99999999999988631, -12.50000000000000000, 3.000000000000000000 ) ) ;
#1103 = CARTESIAN_POINT ( 'NONE',  ( 74.99999999999975842, 12.50000000000000355, 3.000000000000000444 ) ) ;
#1104 = DIRECTION ( 'NONE',  ( -0.000000000000000000, -0.000000000000000000, -1.000000000000000000 ) ) ;
#1105 = CARTESIAN_POINT ( 'NONE',  ( 67.97494142302249998, -10.96622083039978257, 0.2226263087914856498 ) ) ;
#1106 = EDGE_CURVE ( 'NONE', #672, #8, #807, .T. ) ;
#1107 = ORIENTED_EDGE ( 'NONE', *, *, #828, .F. ) ;
#1108 = CARTESIAN_POINT ( 'NONE',  ( 70.00000000000000000, -12.50000000000000000, 3.000000000000000000 ) ) ;
#1109 = CARTESIAN_POINT ( 'NONE',  ( 65.67175203798366567, 12.88684927833920568, 1.524628720967647011 ) ) ;
#1110 = CARTESIAN_POINT ( 'NONE',  ( 74.99999999999972999, 12.50000000000000000, 3.000000000000000000 ) ) ;
#1111 = B_SPLINE_SURFACE_WITH_KNOTS ( 'NONE', 1, 3, ( 
 ( #750, #932, #263, #658, #945, #556 ),
 ( #1041, #472, #376, #854, #74, #368 ) ),
 .UNSPECIFIED., .F., .F., .F.,
 ( 2, 2 ),
 ( 4, 2, 4 ),
 ( 0.000000000000000000, 1.000000000000000000 ),
 ( 0.000000000000000000, 0.7853981633974482790, 1.570796326794896558 ),
 .UNSPECIFIED. ) ;
#1112 = CARTESIAN_POINT ( 'NONE',  ( -0.008490915810999311031, -24.90407142949910480, 2.222392418205331843 ) ) ;
#1113 = VERTEX_POINT ( 'NONE', #213 ) ;
#1114 = CARTESIAN_POINT ( 'NONE',  ( -0.1023984274656071225, 23.83023909155190267, 9.385012008825933449 ) ) ;
#1115 = CARTESIAN_POINT ( 'NONE',  ( 71.69979109077608825, 10.62038715733323890, 0.2170412332961321744 ) ) ;
#1116 = AXIS2_PLACEMENT_3D ( 'NONE', #688, #977, #1095 ) ;
#1117 = FACE_OUTER_BOUND ( 'NONE', #471, .T. ) ;
#1118 = CARTESIAN_POINT ( 'NONE',  ( -0.1306435170610253660, -23.50220662338943356, 0.3959362384148238934 ) ) ;
#1119 = VERTEX_POINT ( 'NONE', #583 ) ;
#1120 = CARTESIAN_POINT ( 'NONE',  ( 69.73424481600653735, 9.500000000000000000, 0.000000000000000000 ) ) ;
#1121 = EDGE_CURVE ( 'NONE', #309, #729, #314, .T. ) ;
#1122 = CARTESIAN_POINT ( 'NONE',  ( 71.73579884749322844, 10.64090076708364485, 0.2254093903589690639 ) ) ;
#1123 = DIRECTION ( 'NONE',  ( 1.000000000000000000, -3.469446951953614189E-17, 0.000000000000000000 ) ) ;
#1124 = CIRCLE ( 'NONE', #643, 12.50000000000000000 ) ;
#1125 = CARTESIAN_POINT ( 'NONE',  ( -0.02691251984947131901, -24.69531265878738324, 1.668105374076993552 ) ) ;
#1126 = ORIENTED_EDGE ( 'NONE', *, *, #350, .F. ) ;
#1127 = DIRECTION ( 'NONE',  ( 1.000000000000000000, 0.000000000000000000, 0.000000000000000000 ) ) ;
#1128 = CARTESIAN_POINT ( 'NONE',  ( 71.74423572005298411, 10.64571068946835553, 0.2273932668956437642 ) ) ;
#1129 = DIRECTION ( 'NONE',  ( -0.9844275755084819224, 0.1757906384836574742, -0.000000000000000000 ) ) ;
#1130 = CIRCLE ( 'NONE', #762, 9.500000000000008882 ) ;
#1131 = ADVANCED_FACE ( 'NONE', ( #974 ), #388, .T. ) ;
#1132 = TOROIDAL_SURFACE ( 'NONE', #374, 9.500000000000005329, 3.000000000000000000 ) ;
#1133 = DIRECTION ( 'NONE',  ( -1.000000000000000000, 0.000000000000000000, 0.000000000000000000 ) ) ;
#1134 = DIRECTION ( 'NONE',  ( 1.000000000000000000, 0.000000000000000000, 0.000000000000000000 ) ) ;
#1135 = CARTESIAN_POINT ( 'NONE',  ( 66.85644835370121086, 11.89815835701975644, 0.6340241230318014454 ) ) ;
#1136 = CARTESIAN_POINT ( 'NONE',  ( 170.0000000000000000, 0.000000000000000000, 10.00000000000000000 ) ) ;
#1137 = CARTESIAN_POINT ( 'NONE',  ( 3.798956885537903005, 21.27415855901225683, 10.00000000000000000 ) ) ;
#1138 = VECTOR ( 'NONE', #965, 1000.000000000000000 ) ;
#1139 = CARTESIAN_POINT ( 'NONE',  ( 66.44882456978197638, -12.23688671418426210, 0.8740799425955527724 ) ) ;
#1140 = CARTESIAN_POINT ( 'NONE',  ( -0.2573272383882729275, -21.99849500971335914, 10.00000000000000000 ) ) ;
#1141 = LINE ( 'NONE', #682, #232 ) ;
#1142 = DIRECTION ( 'NONE',  ( 1.000000000000000000, 0.000000000000000000, 0.000000000000000000 ) ) ;
#1143 = CIRCLE ( 'NONE', #799, 25.00000000000000000 ) ;
#1144 = EDGE_CURVE ( 'NONE', #1055, #1119, #692, .T. ) ;
#1145 = CARTESIAN_POINT ( 'NONE',  ( 67.94912206522324993, 10.98774113503774963, 0.2294871272873502954 ) ) ;
#1146 = LINE ( 'NONE', #271, #458 ) ;
#1147 = ORIENTED_EDGE ( 'NONE', *, *, #860, .F. ) ;
#1148 = CARTESIAN_POINT ( 'NONE',  ( 74.99999999999988631, -12.50000000000000000, 7.000000000000000000 ) ) ;
#1149 = FACE_OUTER_BOUND ( 'NONE', #880, .T. ) ;
#1150 = CARTESIAN_POINT ( 'NONE',  ( -3.295974604355933479E-16, 9.500000000000000000, 10.00000000000000000 ) ) ;
#1151 = CARTESIAN_POINT ( 'NONE',  ( 170.0000000000000000, 0.000000000000000000, 7.000000000000000000 ) ) ;
#1152 = VERTEX_POINT ( 'NONE', #590 ) ;
#1153 = CARTESIAN_POINT ( 'NONE',  ( 67.95993960512299736, -10.97872266790369444, 0.2266000075512656364 ) ) ;
#1154 = DIRECTION ( 'NONE',  ( -0.000000000000000000, -0.000000000000000000, 1.000000000000000000 ) ) ;
#1155 = EDGE_CURVE ( 'NONE', #724, #210, #301, .T. ) ;
#1156 = CARTESIAN_POINT ( 'NONE',  ( 170.0000000000000000, -12.50000000000000355, 7.000000000000000000 ) ) ;
#1157 = EDGE_CURVE ( 'NONE', #336, #636, #287, .T. ) ;
#1158 = ORIENTED_EDGE ( 'NONE', *, *, #205, .T. ) ;
#1159 = CARTESIAN_POINT ( 'NONE',  ( 69.73424481600652314, 9.500000000000001776, 10.00000000000000000 ) ) ;
#1160 = DIRECTION ( 'NONE',  ( 1.000000000000000000, 0.000000000000000000, 0.000000000000000000 ) ) ;
#1161 = ORIENTED_EDGE ( 'NONE', *, *, #659, .T. ) ;
#1162 = CARTESIAN_POINT ( 'NONE',  ( 69.73424481600652314, -9.499999999999996447, 9.999999999999994671 ) ) ;
#1163 = DIRECTION ( 'NONE',  ( 0.000000000000000000, -0.000000000000000000, -1.000000000000000000 ) ) ;
#1164 = AXIS2_PLACEMENT_3D ( 'NONE', #588, #1049, #385 ) ;
#1165 = ORIENTED_EDGE ( 'NONE', *, *, #951, .T. ) ;
#1166 = EDGE_CURVE ( 'NONE', #162, #99, #962, .T. ) ;
#1167 = CARTESIAN_POINT ( 'NONE',  ( 65.98475497786652966, 12.62346719936963169, 8.826938657498191176 ) ) ;
#1168 = CARTESIAN_POINT ( 'NONE',  ( 73.46449573960998691, -11.62519436743270873, 0.8825536803134190755 ) ) ;
#1169 = EDGE_LOOP ( 'NONE', ( #973, #1174, #186, #508, #212 ) ) ;
#1170 = CARTESIAN_POINT ( 'NONE',  ( 71.74086539490571113, -10.64378912493082474, 9.773399992447473039 ) ) ;
#1171 = CARTESIAN_POINT ( 'NONE',  ( 69.73424481600652314, 9.499999999999996447, 6.938893903907228378E-15 ) ) ;
#1172 = CARTESIAN_POINT ( 'NONE',  ( 65.07786212245783020, 13.37895319241824588, 7.000000000000000000 ) ) ;
#1173 = CARTESIAN_POINT ( 'NONE',  ( 71.82423086022384950, -10.69133473994761729, 0.2466309017210868704 ) ) ;
#1174 = ORIENTED_EDGE ( 'NONE', *, *, #1106, .F. ) ;
#1175 = CARTESIAN_POINT ( 'NONE',  ( 73.44962216646790409, -11.61672062971497787, 9.125920057404309560 ) ) ;
#1176 = ORIENTED_EDGE ( 'NONE', *, *, #806, .T. ) ;
#1177 = DIRECTION ( 'NONE',  ( -0.000000000000000000, -0.000000000000000000, 1.000000000000000000 ) ) ;
#1178 = ADVANCED_FACE ( 'NONE', ( #894 ), #673, .T. ) ;
#1179 = CARTESIAN_POINT ( 'NONE',  ( 75.00262481648216806, 12.50000000000000533, 7.369059846727055607 ) ) ;
#1180 = ORIENTED_EDGE ( 'NONE', *, *, #187, .F. ) ;
#1181 = CARTESIAN_POINT ( 'NONE',  ( -0.08931549033111318980, -23.98128257331223523, 9.261000803250649227 ) ) ;
#1182 = EDGE_CURVE ( 'NONE', #1085, #519, #597, .T. ) ;
#1183 = PLANE ( 'NONE',  #1088 ) ;
#1184 = AXIS2_PLACEMENT_3D ( 'NONE', #411, #390, #1064 ) ;
#1185 = ORIENTED_EDGE ( 'NONE', *, *, #862, .F. ) ;
#1186 = DIRECTION ( 'NONE',  ( 0.000000000000000000, -1.000000000000000000, 0.000000000000000000 ) ) ;
#1187 = CARTESIAN_POINT ( 'NONE',  ( 170.0000000000000000, 9.500000000000005329, 0.000000000000000000 ) ) ;
#1188 = CARTESIAN_POINT ( 'NONE',  ( 75.00262481648199753, -12.50000000000000178, 2.630940153312440799 ) ) ;
#1189 = ORIENTED_EDGE ( 'NONE', *, *, #828, .T. ) ;
#1190 = CARTESIAN_POINT ( 'NONE',  ( 73.16878455601714393, -11.45704099014244193, 9.274236215311681519 ) ) ;
#1191 = AXIS2_PLACEMENT_3D ( 'NONE', #1082, #710, #306 ) ;
#1192 = CARTESIAN_POINT ( 'NONE',  ( 67.94912206522199938, -10.98774113503874617, 9.770512872712329155 ) ) ;
#1193 = EDGE_LOOP ( 'NONE', ( #960, #83, #680, #203 ) ) ;
#1194 = CARTESIAN_POINT ( 'NONE',  ( -0.1306435170610115715, 23.50220662338943356, 0.3959362384148231717 ) ) ;
#1195 = CARTESIAN_POINT ( 'NONE',  ( 0.000000000000000000, -25.00000000000000000, 3.000000000000000000 ) ) ;
#1196 = ORIENTED_EDGE ( 'NONE', *, *, #1157, .T. ) ;
#1197 = DIRECTION ( 'NONE',  ( 1.000000000000000000, -0.000000000000000000, 0.000000000000000000 ) ) ;
#1198 = CARTESIAN_POINT ( 'NONE',  ( 68.14382670686350707, -10.82540684201066306, 9.822508495049538269 ) ) ;
#1199 = CARTESIAN_POINT ( 'NONE',  ( 68.51350687438065279, 10.51692357510397358, -0.003186821727843938169 ) ) ;
#1200 = EDGE_CURVE ( 'NONE', #988, #920, #1130, .T. ) ;
#1201 = DIRECTION ( 'NONE',  ( 0.000000000000000000, 0.000000000000000000, -1.000000000000000000 ) ) ;
#1202 = CARTESIAN_POINT ( 'NONE',  ( 65.07786212245777335, -13.37895319241825476, 7.000000000000000000 ) ) ;
#1203 = CARTESIAN_POINT ( 'NONE',  ( 67.99626043595482372, -10.94846464750971649, 0.2170412332882871165 ) ) ;
#1204 = ORIENTED_EDGE ( 'NONE', *, *, #528, .T. ) ;
#1205 = CARTESIAN_POINT ( 'NONE',  ( 163.7500000000000000, 7.654042494670955634E-16, 10.00000000000000000 ) ) ;
#1206 = CARTESIAN_POINT ( 'NONE',  ( 73.46449573961282908, 11.62519436743401613, 9.117446319685271305 ) ) ;
#1207 = ORIENTED_EDGE ( 'NONE', *, *, #1016, .T. ) ;
#1208 = CARTESIAN_POINT ( 'NONE',  ( 170.0000000000000000, 9.500000000000005329, 3.000000000000000000 ) ) ;
#1209 = CARTESIAN_POINT ( 'NONE',  ( 73.44405954618650867, 11.61355242334597726, 0.8709329716711287084 ) ) ;
#1210 = CARTESIAN_POINT ( 'NONE',  ( 72.48153446503076225, 11.06518270582073526, 9.677457981298530854 ) ) ;
#1211 = TOROIDAL_SURFACE ( 'NONE', #666, 22.00000000000000355, 3.000000000000000000 ) ;
#1212 = CARTESIAN_POINT ( 'NONE',  ( -0.1024068244562172103, -23.83014197766132369, 0.6149126590213964683 ) ) ;
#1213 = VERTEX_POINT ( 'NONE', #118 ) ;
#1214 = CARTESIAN_POINT ( 'NONE',  ( 0.000000000000000000, 25.00000000000000000, 7.000000000000000000 ) ) ;
#1215 = CARTESIAN_POINT ( 'NONE',  ( -3.295974604355933479E-16, -9.500000000000000000, 7.000000000000000000 ) ) ;
#1216 = AXIS2_PLACEMENT_3D ( 'NONE', #1036, #1011, #432 ) ;
#1217 = CARTESIAN_POINT ( 'NONE',  ( -0.1762397751995943007, -22.96746576559898045, 0.1538214102246283355 ) ) ;
#1218 = EDGE_CURVE ( 'NONE', #1085, #1076, #915, .T. ) ;
#1219 = ORIENTED_EDGE ( 'NONE', *, *, #1247, .F. ) ;
#1220 = DIRECTION ( 'NONE',  ( 3.469446951953614189E-17, 1.000000000000000000, -0.000000000000000000 ) ) ;
#1221 = CARTESIAN_POINT ( 'NONE',  ( 70.00000000000000000, 12.50000000000000000, 10.00000000000000000 ) ) ;
#1222 = EDGE_CURVE ( 'NONE', #636, #1213, #924, .T. ) ;
#1223 = CARTESIAN_POINT ( 'NONE',  ( 74.43385756432232370, 12.17745798129853796, 8.565182705820738818 ) ) ;
#1224 = DIRECTION ( 'NONE',  ( 0.9844275755084820334, 0.1757906384836575020, -0.000000000000000000 ) ) ;
#1225 = CARTESIAN_POINT ( 'NONE',  ( 65.07786212245777335, -13.37895319241825476, 3.000000000000000000 ) ) ;
#1226 = CARTESIAN_POINT ( 'NONE',  ( 66.43567221800192613, 12.24784313017767445, 0.8825536803112268291 ) ) ;
#1227 = CARTESIAN_POINT ( 'NONE',  ( 65.18837814701863920, -13.28911408165020447, 2.249317411850527026 ) ) ;
#1228 = CARTESIAN_POINT ( 'NONE',  ( 0.000000000000000000, 0.000000000000000000, 10.00000000000000000 ) ) ;
#1229 = CARTESIAN_POINT ( 'NONE',  ( 67.93697302693551876, 10.99787072075895722, 0.2327518556664238125 ) ) ;
#1230 = CARTESIAN_POINT ( 'NONE',  ( 0.000000000000000000, 0.000000000000000000, 0.000000000000000000 ) ) ;
#1231 = AXIS2_PLACEMENT_3D ( 'NONE', #1208, #1197, #342 ) ;
#1232 = EDGE_CURVE ( 'NONE', #1213, #636, #1087, .T. ) ;
#1233 = DIRECTION ( 'NONE',  ( 0.000000000000000000, -1.000000000000000000, 0.000000000000000000 ) ) ;
#1234 = CARTESIAN_POINT ( 'NONE',  ( 67.88623041621175958, 11.04018275082418477, 0.2466309017293867034 ) ) ;
#1235 = CARTESIAN_POINT ( 'NONE',  ( 66.02079889097736043, -12.59450199206846044, 8.811510635024205840 ) ) ;
#1236 = ORIENTED_EDGE ( 'NONE', *, *, #1047, .T. ) ;
#1237 = DIRECTION ( 'NONE',  ( -0.000000000000000000, -0.000000000000000000, 1.000000000000000000 ) ) ;
#1238 = VECTOR ( 'NONE', #282, 1000.000000000000000 ) ;
#1239 = CARTESIAN_POINT ( 'NONE',  ( 170.0000000000000000, 0.000000000000000000, 0.000000000000000000 ) ) ;
#1240 = DIRECTION ( 'NONE',  ( 0.9844275755084819224, 0.1757906384836574742, -0.000000000000000000 ) ) ;
#1241 = EDGE_LOOP ( 'NONE', ( #839, #983, #835, #48, #383, #552, #883 ) ) ;
#1242 = AXIS2_PLACEMENT_3D ( 'NONE', #322, #943, #72 ) ;
#1243 = CIRCLE ( 'NONE', #373, 9.500000000000008882 ) ;
#1244 = CYLINDRICAL_SURFACE ( 'NONE', #742, 12.50000000000000000 ) ;
#1245 = EDGE_CURVE ( 'NONE', #736, #113, #994, .T. ) ;
#1246 = CARTESIAN_POINT ( 'NONE',  ( 65.07786212245774493, -13.37895319241826009, 7.000000000000000000 ) ) ;
#1247 = EDGE_CURVE ( 'NONE', #812, #780, #567, .T. ) ;
#1248 = LINE ( 'NONE', #568, #739 ) ;
#1249 = ORIENTED_EDGE ( 'NONE', *, *, #152, .F. ) ;
#1250 = CARTESIAN_POINT ( 'NONE',  ( 66.98257157881637625, 11.79321354414166834, 9.421432472078397069 ) ) ;
#1251 = CARTESIAN_POINT ( 'NONE',  ( 72.56127554148709180, -11.11166860201269913, 0.4677736842294196173 ) ) ;
#1252 = ORIENTED_EDGE ( 'NONE', *, *, #1121, .F. ) ;
#1253 = DIRECTION ( 'NONE',  ( 1.000000000000000000, 0.000000000000000000, 0.000000000000000000 ) ) ;
#1254 = DIRECTION ( 'NONE',  ( -0.000000000000000000, -0.000000000000000000, -1.000000000000000000 ) ) ;
ENDSEC;
END-ISO-10303-21;
